,choice_0,choice_1,choice_2,choice_3,choice_4,choice_5,choice_6,choice_7,choice_8,choice_9,n_people,difficulty
3408,9,7,19,21,27,18,2,25,21,18,6,31
4810,14,15,4,19,5,14,3,21,5,17,7,45
2844,8,15,21,23,11,9,25,10,29,18,4,33
3059,9,5,14,16,12,22,21,3,11,30,6,28
1070,16,19,29,16,11,14,5,6,11,7,6,36
2494,3,11,1,10,19,11,9,18,21,17,7,42
2409,4,9,3,3,27,11,1,20,7,6,2,31
1625,26,23,7,23,15,17,1,13,29,17,2,47
2390,21,14,5,27,7,10,25,8,15,21,3,35
1656,11,3,23,13,4,9,12,3,10,11,4,31
3417,15,21,17,9,10,23,25,10,1,3,3,37
2741,12,27,21,3,25,19,8,13,5,1,3,42
4414,25,7,12,1,29,9,6,5,19,21,7,44
3072,1,28,21,9,27,29,28,23,29,10,2,35
1878,23,16,21,19,23,25,4,17,29,17,5,43
4327,11,5,9,1,6,13,6,23,13,7,4,39
3892,29,25,25,7,2,9,27,23,29,5,3,44
1365,21,28,25,3,23,17,3,13,13,19,2,46
3683,6,21,23,12,19,16,21,24,11,9,8,38
503,8,28,4,11,19,15,21,7,16,16,5,30
417,5,23,15,22,12,25,7,21,6,1,3,33
1956,13,7,27,11,17,10,19,5,12,8,3,26
4924,10,13,1,27,23,11,9,21,16,15,2,39
3082,27,18,6,8,29,5,10,27,17,1,5,38
78,17,17,21,21,15,9,5,17,10,12,5,33
1319,14,27,24,4,25,5,15,4,9,10,4,28
936,11,19,3,20,22,22,29,13,5,15,3,36
3151,1,5,21,27,3,22,5,3,7,24,4,39
97,29,9,16,27,12,1,24,18,6,13,4,22
310,27,20,28,19,5,23,23,21,8,11,3,37
4576,23,5,21,4,1,19,14,25,16,24,2,21
4106,21,15,5,21,11,3,29,3,27,1,4,49
1343,12,4,9,5,1,7,8,26,27,6,3,25
4378,8,9,16,10,29,5,15,5,27,13,4,44
2485,10,13,8,18,1,25,21,3,29,9,4,44
2717,4,29,25,21,18,16,29,27,27,12,5,32
901,4,3,9,27,13,1,15,17,11,9,5,50
1619,15,11,16,5,1,25,17,7,7,17,3,46
4111,11,3,1,21,15,26,6,19,16,4,6,23
4881,3,21,13,23,1,14,16,12,19,24,2,20
368,9,28,1,19,13,15,24,22,6,29,6,29
2644,5,21,26,9,15,5,9,13,19,24,3,37
4572,14,4,26,19,8,25,17,6,2,9,3,26
4400,17,21,13,3,13,9,29,18,19,25,5,43
4946,23,23,1,20,15,19,7,28,16,27,3,30
3654,13,8,25,1,9,5,9,27,3,6,5,40
2750,4,17,5,21,12,22,4,14,7,9,6,29
3900,16,11,8,21,1,4,12,27,5,19,5,37
570,5,6,3,14,15,4,9,5,9,15,3,39
545,25,24,9,23,29,27,17,4,11,15,5,42
4318,1,12,13,29,25,15,19,24,7,15,4,45
3448,16,21,29,4,15,17,30,1,14,28,4,23
3210,9,19,4,7,1,8,23,7,21,29,3,41
2541,17,11,7,23,19,21,27,6,8,14,6,27
3042,11,30,20,21,1,21,29,8,18,27,2,29
4047,27,4,29,5,17,21,9,13,1,29,3,47
3509,19,20,9,16,3,20,14,17,3,4,3,24
4917,3,3,7,5,1,7,10,17,27,16,2,32
1287,1,5,13,28,6,30,9,7,26,6,4,24
2682,1,25,27,23,3,30,12,7,15,23,6,44
47,15,7,1,13,10,29,21,25,12,21,4,37
4291,5,23,13,1,27,3,5,18,24,24,2,23
736,25,24,28,9,8,13,26,19,5,21,4,36
788,7,6,29,14,18,9,13,4,30,4,4,17
1043,6,1,8,8,19,7,9,25,3,16,4,35
3663,11,29,6,26,25,28,3,27,21,7,4,39
2218,12,21,17,6,11,27,9,22,7,15,5,40
2097,9,23,22,21,13,8,10,17,11,8,7,30
210,8,25,22,29,25,10,18,1,7,21,4,36
3727,18,7,25,3,15,21,25,3,10,19,4,41
3784,1,27,10,23,15,5,9,7,5,27,4,51
1390,14,22,29,3,28,1,9,5,23,13,5,45
3990,27,27,21,21,11,26,25,25,17,15,7,47
2660,9,27,19,5,13,10,13,1,14,25,2,34
937,10,3,8,18,13,1,25,9,12,7,4,36
872,5,25,17,23,7,15,8,16,1,13,4,36
1015,1,7,4,17,3,29,12,7,12,8,4,28
1961,11,17,5,7,4,22,18,11,1,3,6,36
1951,9,22,11,10,25,19,7,24,18,6,3,20
3374,6,15,25,1,17,5,8,10,27,13,2,34
4255,12,29,13,17,7,1,28,27,14,11,4,35
2216,18,23,7,25,10,18,29,5,1,6,4,31
1984,27,8,9,21,1,27,15,29,12,4,4,31
1657,1,18,8,7,20,29,30,5,11,5,4,40
4135,29,17,4,25,28,8,7,27,6,28,5,22
1825,25,11,27,7,4,21,12,13,10,23,2,29
333,8,19,1,3,25,30,27,8,13,11,6,39
2892,11,19,4,2,7,15,16,22,14,27,4,23
3296,18,29,23,7,27,1,15,11,3,11,2,47
3891,1,12,4,11,5,3,21,27,23,10,2,39
4677,6,8,14,21,10,11,9,8,1,9,4,35
1374,3,1,3,17,9,11,2,5,16,23,3,34
3624,24,15,17,1,15,3,16,4,13,11,3,35
779,21,4,13,17,13,15,23,7,9,6,4,39
4403,7,10,19,3,29,7,3,15,13,4,6,41
190,4,14,27,8,25,21,5,1,25,9,4,45
3829,21,25,6,23,14,1,21,14,15,11,5,37
4545,15,6,21,13,1,5,29,19,5,15,3,47
1379,8,28,3,13,6,1,6,7,13,13,4,38
4109,16,1,8,3,15,16,3,21,9,9,4,42
567,1,29,4,24,14,17,13,20,10,21,5,30
4096,17,23,13,5,25,7,20,6,19,29,7,39
3967,11,13,21,16,21,9,23,3,17,19,4,46
2953,19,3,27,1,5,9,21,14,19,9,2,40
4740,3,21,1,5,4,19,13,24,9,11,7,41
2025,5,9,3,25,15,11,27,11,3,1,3,48
3440,27,17,3,5,3,29,1,2,24,11,4,34
3876,10,25,1,7,19,13,5,13,3,3,3,48
3318,18,21,1,29,10,23,23,16,11,16,2,27
4723,25,4,1,7,21,13,27,10,12,23,6,35
1102,5,27,3,20,3,25,17,13,18,16,3,28
701,4,23,22,21,17,1,7,3,9,11,3,46
2891,3,15,7,8,8,7,16,9,10,5,3,27
3883,1,6,12,5,20,17,30,11,29,9,4,40
4525,19,25,21,21,5,14,16,8,15,9,2,29
2341,6,21,15,19,18,3,25,1,23,13,4,45
4309,3,21,13,1,6,10,7,13,8,23,5,33
927,1,23,19,17,23,11,18,29,9,13,4,47
4652,2,13,21,19,1,4,10,8,21,16,4,22
3120,6,23,13,11,17,15,18,1,9,17,6,45
739,20,17,21,16,9,15,10,27,15,29,2,38
168,7,23,6,27,21,26,9,21,3,11,4,42
3258,4,7,7,15,28,23,1,27,21,26,2,34
1265,3,26,6,1,13,17,10,19,16,5,3,31
1536,17,1,4,5,13,15,15,17,23,8,6,40
4479,9,8,14,29,9,21,9,4,5,17,3,38
4872,28,21,8,22,7,19,8,1,5,23,2,36
624,1,24,15,9,25,27,24,13,5,18,5,38
277,3,25,15,17,15,3,23,1,7,11,3,48
421,27,22,15,14,21,13,29,9,2,15,3,36
2809,10,11,10,15,29,29,1,27,14,13,6,41
3409,22,27,7,13,25,19,18,16,12,17,2,26
4689,4,12,1,8,13,16,5,13,21,7,3,39
4128,8,12,9,7,3,4,9,7,10,13,5,36
2433,18,5,27,14,9,18,26,24,23,7,2,26
3043,23,13,9,15,1,15,18,17,7,17,3,42
1163,7,1,17,17,19,30,14,11,23,27,5,39
4639,25,22,25,22,3,7,1,4,20,8,2,19
385,10,27,19,29,2,25,11,20,30,27,6,32
103,21,5,7,11,27,27,23,19,3,7,7,52
3378,13,15,5,23,27,8,22,17,9,6,6,31
4722,14,12,12,28,23,1,30,10,29,17,3,29
4459,8,13,11,19,20,21,23,1,28,8,4,28
290,9,18,3,14,13,29,17,19,15,14,5,37
4758,9,1,23,19,21,4,21,13,2,23,5,37
63,11,23,17,20,8,21,6,27,27,17,5,37
2864,19,27,9,14,18,4,27,16,10,6,5,14
3172,13,27,25,11,1,19,8,6,20,3,5,29
3145,10,1,28,7,9,11,16,18,23,25,4,34
3017,9,1,9,13,25,3,15,10,17,15,8,46
2050,27,13,7,3,12,13,27,17,28,7,3,36
3462,27,3,11,24,5,9,10,29,21,19,3,39
60,1,30,27,10,17,7,30,24,4,11,2,26
2798,27,19,3,1,9,8,7,25,29,15,5,45
4519,3,15,7,27,1,25,21,28,7,5,6,44
3573,6,16,1,16,9,23,10,11,15,5,4,39
3423,9,13,22,1,16,23,25,7,15,9,4,43
3625,25,8,25,9,14,29,7,10,5,7,6,39
2908,6,7,13,7,17,25,9,9,14,16,4,32
3117,11,10,11,21,16,30,23,10,14,13,4,24
2839,3,13,9,23,12,17,29,19,5,21,5,46
2706,5,9,8,2,29,25,15,13,7,11,3,43
1557,13,8,20,5,5,18,3,29,13,16,7,35
4595,1,3,12,10,3,13,5,6,3,29,4,41
519,9,9,4,17,5,20,5,27,15,12,6,35
1870,29,12,10,19,9,7,17,11,27,23,4,46
61,7,6,7,29,10,19,7,17,3,25,4,44
3221,6,19,11,7,7,25,28,4,9,15,4,36
3362,19,9,13,17,12,10,16,2,29,17,4,27
379,3,5,21,20,6,13,5,10,1,11,6,37
3267,9,25,20,24,10,17,15,1,7,11,4,40
4420,11,6,15,29,12,13,9,1,23,17,6,46
3208,17,8,7,1,3,17,25,7,5,9,4,48
1533,21,17,30,25,7,6,11,7,1,17,6,44
1153,7,23,21,24,13,5,5,11,11,9,5,47
808,17,13,3,1,28,5,29,10,27,15,3,37
386,21,6,29,19,29,25,6,8,6,1,8,31
3363,8,15,11,1,27,17,19,25,3,13,2,47
3766,5,19,27,1,7,25,3,15,5,29,2,47
4068,3,27,15,11,25,24,9,27,5,26,3,34
3224,15,16,7,4,10,10,12,23,5,1,5,31
4453,28,2,27,1,11,21,13,13,7,25,4,48
2766,21,9,17,6,18,21,7,5,3,6,4,33
540,11,6,14,3,15,1,3,9,5,30,3,36
4223,15,16,9,3,17,15,4,15,12,23,4,34
4203,7,3,27,4,17,19,15,9,9,10,2,35
4104,23,11,27,1,19,24,18,3,7,10,4,29
4527,3,24,25,27,3,26,13,1,23,9,6,45
3488,1,24,27,9,22,25,11,18,7,27,4,41
401,17,3,11,1,23,9,9,13,30,4,4,32
600,6,3,10,1,12,21,7,23,5,20,4,34
1164,15,14,7,11,1,17,2,13,9,15,5,43
329,7,14,1,9,23,9,3,14,13,29,3,40
3735,25,8,24,1,23,17,3,24,21,11,2,37
3874,19,12,29,17,11,18,3,8,29,6,6,29
2374,7,21,25,4,29,18,9,17,1,20,6,34
164,7,1,5,8,15,23,3,5,5,20,6,39
4663,23,7,5,16,16,5,30,15,21,8,4,27
533,9,23,7,8,9,1,16,16,15,3,3,32
1718,5,15,24,11,10,20,9,7,29,10,3,28
3839,7,10,16,13,6,3,4,12,7,23,5,30
2136,4,19,23,7,6,7,22,1,21,18,4,30
1829,13,10,24,6,7,29,7,15,13,25,7,46
1720,9,8,5,5,14,9,11,1,17,13,4,44
1616,9,17,14,5,3,29,23,18,19,3,3,39
3620,19,12,18,3,28,3,13,20,15,16,5,27
2482,17,5,19,15,26,10,18,1,23,13,3,33
2866,3,25,17,4,9,10,9,24,27,5,2,32
3541,13,7,1,5,8,21,17,27,17,25,3,44
2877,17,27,7,1,3,14,27,6,29,23,4,37
1926,16,19,19,25,10,29,3,1,20,29,3,36
3705,11,21,10,9,13,14,5,6,29,21,4,35
3597,25,27,12,23,4,5,23,13,25,1,3,42
2247,23,19,7,25,5,15,7,23,4,15,5,42
2907,3,25,19,7,21,9,8,6,17,5,6,38
2825,16,1,5,7,23,23,22,29,25,13,7,46
1841,5,7,13,19,27,19,24,6,9,10,3,26
3147,4,6,1,16,8,9,25,15,11,29,4,41
4325,13,11,25,9,29,25,10,19,1,8,5,35
2693,10,17,11,23,9,25,12,7,9,29,3,42
4794,5,4,9,3,11,16,17,17,20,8,2,24
4580,28,8,13,7,29,16,24,18,11,22,2,19
530,19,17,23,5,11,22,5,17,21,2,7,38
4560,3,11,1,10,29,15,9,4,2,13,3,30
375,4,5,24,13,1,25,19,27,5,17,3,46
1569,17,25,20,10,6,1,17,23,7,9,3,39
3066,1,10,29,5,6,23,5,6,10,25,7,36
552,12,14,29,15,18,3,5,16,26,9,2,27
3689,15,15,27,8,21,23,19,7,1,29,4,46
3469,11,10,14,10,13,9,1,18,24,13,6,30
2252,11,29,4,12,17,6,17,19,3,1,3,38
2388,9,11,15,24,16,1,27,22,5,12,2,24
3753,7,8,16,21,27,22,30,11,30,23,5,28
3110,5,29,15,4,11,1,18,22,7,21,3,32
2977,6,19,17,29,7,1,21,25,13,9,3,48
3134,27,9,17,26,1,7,3,11,11,10,4,37
1060,8,21,25,13,6,1,21,28,23,14,5,30
4713,5,3,6,18,19,15,18,29,13,1,5,39
1449,16,13,3,5,7,25,10,7,27,29,6,45
345,21,15,11,29,19,14,21,9,7,12,4,35
4584,13,21,28,29,4,8,7,15,3,11,3,37
1510,3,11,1,12,7,3,17,9,14,30,3,28
3513,27,9,10,14,3,17,1,29,13,3,4,44
1207,9,4,9,3,13,15,1,16,19,21,2,39
3315,1,11,6,19,10,12,25,23,17,13,4,42
4813,11,10,1,15,7,9,27,30,4,19,4,33
56,5,1,25,5,23,16,5,25,26,27,5,37
4241,13,21,9,25,14,8,17,25,16,5,2,30
1815,9,3,23,3,18,6,10,15,26,1,6,28
4003,8,21,6,9,13,25,20,1,12,19,4,33
1683,4,10,23,4,11,12,13,1,18,9,6,34
1484,23,6,27,8,21,1,7,11,3,21,4,45
4286,15,27,29,6,11,10,7,9,13,3,4,41
3234,23,14,23,25,9,27,14,14,7,9,5,36
714,5,13,21,19,18,9,17,29,3,27,3,44
175,7,27,7,23,15,25,8,15,29,26,2,32
2203,30,14,29,30,17,19,7,23,3,11,6,47
161,15,19,14,15,1,5,16,9,3,17,4,41
4972,21,4,23,11,13,17,18,27,15,1,5,43
323,16,7,18,14,6,1,10,15,27,13,4,34
2671,11,14,6,15,27,15,16,10,13,7,5,34
2888,8,28,17,6,23,6,15,3,4,21,2,30
2610,27,10,27,3,24,26,5,15,9,18,5,31
4812,11,5,3,13,21,19,23,25,14,24,4,32
4516,13,18,9,11,17,25,29,5,25,11,5,49
1159,7,5,9,29,21,12,25,7,7,18,4,35
780,24,29,19,7,4,11,10,5,8,6,4,22
881,14,8,10,5,11,11,5,17,27,1,2,44
1715,7,23,2,10,15,15,13,19,21,10,6,37
3853,13,16,5,19,27,1,10,5,9,7,3,41
25,6,5,5,17,3,30,9,19,7,7,3,43
2348,23,7,9,27,30,1,19,10,17,5,5,39
1769,9,19,21,23,15,27,23,29,15,17,7,52
1303,25,12,15,15,23,3,17,15,25,28,3,38
1481,25,4,29,26,9,17,29,20,28,1,4,30
2104,27,21,19,9,3,12,10,27,7,16,4,29
1199,6,7,4,1,9,17,16,23,4,22,4,24
3725,5,23,5,3,13,8,18,15,10,7,5,31
3369,14,15,27,12,23,15,17,4,5,19,6,41
4092,23,29,6,4,17,16,17,12,29,1,5,33
1494,15,4,19,12,7,6,1,27,14,17,2,30
1722,21,14,15,5,13,7,21,11,3,25,3,47
286,17,13,9,8,5,10,26,19,21,1,4,35
1342,27,16,9,3,2,13,8,9,12,21,3,29
2096,10,9,27,21,27,9,3,23,15,1,6,51
2673,6,26,19,25,28,13,13,29,1,27,4,44
1514,29,3,13,8,23,11,17,5,3,10,3,36
1053,11,29,26,10,23,1,12,9,5,13,4,38
3442,5,7,7,10,3,1,13,11,14,23,4,38
3254,9,29,23,18,5,30,27,8,2,17,5,27
1006,29,29,23,27,1,21,5,18,16,26,6,27
4963,19,9,10,7,5,3,23,11,6,29,5,40
4059,11,17,19,1,6,13,9,7,13,15,2,43
4681,9,26,2,21,12,11,4,29,5,18,4,27
3557,19,3,11,14,10,1,9,25,29,17,3,41
4958,6,20,2,3,25,18,10,10,9,21,5,29
3457,19,12,28,13,16,29,4,1,3,29,7,39
3392,29,25,14,9,5,3,1,21,12,23,4,39
4239,26,25,9,3,17,5,1,9,15,9,4,49
157,27,19,17,10,16,21,4,10,3,9,3,28
1291,12,13,23,1,17,13,27,23,5,7,4,49
3339,17,15,12,23,24,29,13,1,15,5,7,46
3500,6,23,27,9,17,18,29,15,13,13,2,42
2769,23,29,5,21,17,10,27,7,23,3,4,44
297,16,12,1,17,20,5,21,13,11,23,3,43
3905,19,18,21,14,13,14,15,8,23,3,3,32
59,13,6,3,10,9,27,6,15,25,10,4,30
1325,8,1,13,9,7,12,23,28,17,15,5,38
3146,17,6,4,1,3,25,15,16,6,16,4,22
1933,24,24,9,25,5,13,20,8,1,18,4,26
1462,13,29,7,15,17,15,3,6,23,9,3,41
745,9,1,3,4,27,28,16,7,12,6,5,19
1768,9,11,9,24,7,21,6,18,26,4,6,18
1085,11,23,9,21,8,13,5,4,22,29,2,28
4113,17,19,13,27,30,23,9,15,27,25,4,45
871,29,27,6,30,11,4,5,8,17,3,6,34
1297,29,3,5,19,25,11,15,23,4,16,5,33
3452,13,1,11,7,15,2,8,13,19,3,3,37
1420,19,22,9,10,11,4,17,27,27,24,8,35
3152,13,25,20,21,14,27,9,24,13,1,2,34
2618,5,7,8,7,9,18,25,8,15,1,5,36
2649,1,6,23,5,19,15,24,7,23,25,6,48
876,3,30,6,2,1,19,11,8,7,15,5,37
1458,8,2,15,13,9,1,28,10,5,13,2,33
3206,5,18,15,5,13,25,11,21,11,20,4,39
1743,3,1,12,22,25,9,27,6,21,25,2,35
4490,22,25,9,17,14,3,2,7,3,17,7,42
1238,29,5,29,6,16,15,27,4,19,4,2,24
2535,27,12,9,1,6,11,21,9,15,17,4,44
2492,25,19,3,23,19,6,17,13,17,13,3,43
1270,17,26,10,4,6,25,3,10,15,29,4,32
4709,13,10,4,19,19,2,10,6,5,8,4,19
730,7,1,13,8,5,27,7,16,18,25,2,29
4301,3,15,1,19,23,20,8,7,26,5,5,31
3001,20,28,11,29,18,1,15,19,4,27,3,35
284,8,9,13,25,18,29,4,24,24,3,6,26
1780,9,9,23,4,28,18,8,14,19,21,3,23
4427,6,11,18,13,1,13,14,9,11,27,5,42
127,2,14,12,10,29,23,6,17,16,30,8,24
4843,8,1,11,27,23,3,27,25,12,5,6,43
3997,6,19,8,11,21,13,7,13,22,10,5,31
4959,7,12,3,27,23,27,23,10,5,13,2,39
2821,25,7,17,23,18,5,15,13,8,3,6,39
2175,10,28,7,11,16,27,5,21,21,6,3,34
3971,27,23,9,7,27,24,14,18,13,23,6,33
2119,14,3,15,9,9,11,7,9,1,5,3,48
1347,3,8,10,27,24,1,7,19,3,3,3,41
4107,29,27,13,4,18,21,1,19,25,19,3,41
3605,13,18,16,8,21,3,20,11,15,26,4,28
3819,28,5,13,3,9,3,4,17,8,1,6,37
3918,19,17,15,7,25,5,10,29,5,10,7,37
3751,17,17,3,8,10,4,1,27,13,15,5,38
1530,11,3,23,13,29,29,7,28,3,4,5,34
3756,25,12,27,29,8,9,12,29,19,25,4,38
3915,29,7,12,29,22,21,25,24,26,8,2,17
700,6,5,17,11,18,27,25,5,3,30,7,39
2352,25,11,10,4,8,9,12,30,20,7,4,19
20,3,27,7,21,11,23,9,1,19,23,6,51
4806,29,1,4,7,23,4,16,25,5,24,5,28
1045,23,8,17,13,19,29,19,27,12,11,4,40
875,25,29,3,8,3,25,5,22,10,6,4,22
1129,1,11,25,7,29,24,10,8,19,3,4,35
3243,15,29,27,8,3,1,21,15,7,24,4,37
657,16,25,15,8,7,14,25,18,6,17,4,26
4583,5,23,7,5,16,8,23,1,23,3,2,38
1589,17,19,8,29,3,24,7,13,12,8,3,24
259,19,5,11,8,30,1,21,29,12,25,5,35
184,3,15,13,13,28,25,4,1,8,9,6,33
4643,16,25,11,8,2,1,5,25,4,22,4,25
3052,6,19,4,15,5,6,19,3,4,7,5,35
2435,6,25,9,7,17,27,6,10,18,4,7,22
2201,11,15,1,17,13,3,5,7,25,9,2,47
2596,17,20,27,30,21,15,15,1,23,17,3,44
1654,13,17,8,27,12,13,13,9,11,21,5,44
3468,13,13,12,14,7,17,9,9,3,3,8,48
1859,28,4,5,13,22,17,19,13,18,9,4,36
4016,30,13,9,10,3,29,10,15,6,19,2,30
2547,11,27,9,4,27,4,22,29,15,25,5,36
158,6,29,16,9,15,3,11,1,15,7,6,49
2483,3,26,11,15,9,18,7,25,9,29,5,44
3000,11,6,11,1,3,23,8,27,13,7,4,42
73,5,17,7,8,8,1,21,11,4,6,3,24
1219,13,9,9,2,21,24,27,7,11,6,4,32
4344,23,9,11,10,17,27,8,19,7,18,4,31
2976,16,20,15,1,23,15,29,6,12,11,6,35
2258,10,13,5,6,10,7,27,1,5,9,4,42
3128,21,23,18,9,30,13,17,4,23,1,3,35
487,9,8,22,20,18,11,15,23,13,4,3,29
256,28,29,23,11,11,7,5,9,19,2,4,40
1711,12,3,19,5,14,13,5,1,8,12,5,29
3343,3,6,7,5,6,25,21,19,4,24,6,29
3862,14,5,9,19,15,12,6,20,7,8,2,20
1607,19,24,17,14,29,13,1,29,5,7,6,47
3521,12,1,21,7,15,8,18,29,11,5,5,39
35,11,27,30,19,7,27,29,20,8,15,3,31
4022,24,7,25,23,7,24,1,6,17,8,4,28
1787,16,6,18,22,23,6,21,13,19,17,2,36
1797,4,1,20,21,23,9,27,29,9,19,3,46
406,3,3,15,5,5,1,4,6,7,8,2,25
3935,29,5,1,10,19,21,7,13,27,17,4,46
3341,5,25,5,25,17,1,21,6,9,11,3,41
1183,21,3,25,13,16,16,28,9,4,12,3,16
2627,9,11,9,1,12,13,25,12,8,6,5,22
942,18,9,19,4,25,17,3,22,6,10,3,21
3775,8,9,10,9,7,19,6,4,17,24,3,24
850,7,29,18,17,21,3,13,16,6,10,2,21
959,14,27,19,27,14,1,25,23,19,3,5,46
4295,7,11,23,25,16,14,27,1,17,25,2,38
3317,21,19,11,15,3,11,4,27,28,9,5,36
4347,27,25,5,15,21,17,13,22,10,15,4,34
1038,29,13,10,18,5,4,12,7,28,15,4,25
388,11,15,25,7,10,25,21,13,7,27,4,45
732,5,28,11,5,25,27,9,17,7,29,4,48
3627,13,5,27,1,8,4,18,15,7,22,2,23
1958,1,8,9,29,10,21,19,15,14,18,5,32
2489,23,3,19,21,16,20,19,15,29,11,4,40
2495,5,1,3,3,18,16,12,23,29,2,2,23
472,1,19,6,23,23,19,20,11,7,11,4,45
3434,12,23,25,5,27,13,1,20,9,18,5,34
1591,27,19,10,23,5,20,13,9,30,18,6,27
465,15,1,6,6,19,11,28,23,18,9,4,30
263,16,19,7,11,1,29,7,19,16,19,3,40
1600,10,3,25,4,19,9,6,21,15,23,2,38
1819,3,1,11,4,18,5,29,7,3,10,5,34
1643,25,11,5,1,6,29,8,12,15,16,4,23
3248,1,24,2,15,8,11,3,28,10,4,4,22
2933,15,14,7,14,5,3,9,25,19,10,3,35
4163,15,10,12,5,18,13,12,17,8,27,2,26
4083,9,23,4,11,8,9,21,4,24,25,4,28
2683,23,23,3,9,25,3,27,25,6,5,4,41
1647,21,9,8,17,7,1,24,13,9,16,4,32
2588,13,23,10,6,3,5,1,25,15,19,2,42
1812,28,14,8,27,15,9,25,6,1,17,8,43
3757,5,4,1,29,17,11,24,15,27,17,3,41
4705,8,27,12,4,9,27,14,18,1,7,7,34
4264,1,21,13,25,30,29,19,3,11,10,5,41
490,10,11,6,4,1,27,19,7,9,21,3,43
4026,27,25,9,8,10,3,6,5,15,22,2,25
58,23,11,19,13,25,9,19,26,27,1,4,42
995,12,19,12,7,9,5,7,4,12,13,4,32
1880,19,9,7,7,17,8,17,8,8,19,5,30
2158,29,27,23,21,24,27,20,11,15,10,5,31
2803,1,17,12,2,10,13,9,17,29,11,3,43
12,17,30,17,1,13,21,27,9,20,29,6,42
4447,11,15,1,6,25,29,3,13,28,16,5,30
1894,11,9,1,3,7,24,7,3,29,27,3,43
3416,4,15,1,19,24,2,5,6,21,7,6,35
4768,5,1,14,21,29,3,2,15,7,28,5,33
1182,5,6,7,27,25,1,15,5,15,15,3,47
2951,10,4,16,27,8,13,13,3,27,11,4,42
1912,19,19,18,28,4,13,15,15,7,14,5,32
79,1,12,25,19,12,3,15,14,15,8,7,35
2110,29,25,19,22,17,17,7,4,5,3,5,40
188,5,8,16,18,19,27,11,28,15,25,3,35
1362,26,13,22,3,3,11,10,19,3,19,7,44
1771,15,26,19,5,7,10,9,1,5,6,5,35
378,9,7,15,17,5,16,4,5,19,4,3,28
407,21,5,7,6,4,21,29,4,4,2,2,16
956,21,6,5,9,13,23,17,1,13,27,5,49
261,21,27,26,28,29,8,2,15,7,9,3,32
3050,19,17,7,6,14,9,13,21,8,1,6,36
1869,4,1,16,19,7,27,21,29,3,9,6,49
2034,14,5,12,19,2,26,19,3,13,9,2,36
4007,1,25,4,27,11,19,3,13,20,24,4,34
746,19,15,4,11,21,21,27,15,28,3,2,37
2883,23,4,19,6,7,16,15,11,24,9,2,30
1258,19,1,27,17,25,28,10,19,11,6,4,29
4013,17,10,10,1,4,12,23,3,7,5,2,35
925,22,23,9,19,15,24,17,20,10,5,3,28
2639,5,13,6,15,21,2,1,5,5,4,6,35
895,5,11,14,5,18,26,1,7,3,29,5,39
4194,18,27,10,1,13,5,15,3,9,5,8,51
1611,1,21,25,24,7,23,13,21,27,5,6,52
501,8,6,17,3,19,23,9,1,5,8,5,40
3895,1,9,4,25,21,3,16,27,5,23,4,45
3496,26,3,22,14,21,3,4,27,8,6,3,20
3479,27,15,18,15,6,3,12,9,16,27,4,29
123,29,8,11,7,3,15,21,6,25,21,4,41
2770,10,11,9,6,21,7,5,17,8,19,4,38
4845,27,9,9,25,8,23,5,9,14,16,6,30
3770,1,21,19,4,27,25,16,13,9,17,2,42
2364,3,15,12,29,29,18,7,23,23,28,5,34
1849,8,25,16,1,28,8,14,28,2,13,2,15
2260,3,3,18,11,12,21,8,19,25,27,4,37
1459,17,23,9,9,13,7,13,10,2,27,3,33
1888,19,17,29,8,15,3,3,15,1,23,6,48
4284,13,12,28,28,17,9,21,29,7,3,6,45
4329,5,14,15,13,21,28,5,27,23,25,6,45
1276,4,9,9,1,25,9,5,19,25,13,7,52
1688,27,9,10,14,21,1,17,9,27,13,5,45
2219,7,8,2,25,17,21,4,14,9,21,4,33
4557,27,25,4,9,28,23,8,13,15,29,4,37
3487,26,1,25,21,29,19,4,27,18,15,4,35
2795,16,18,15,9,11,1,17,7,7,19,6,50
2423,5,17,22,17,7,25,9,12,4,6,5,24
1816,21,5,7,25,23,5,5,13,25,23,3,48
3547,27,17,3,11,15,16,1,13,10,23,3,35
1234,17,7,23,27,9,16,1,29,7,9,3,43
343,27,27,11,21,3,19,2,10,9,3,3,35
4590,1,25,29,26,15,6,13,11,5,3,2,43
410,25,7,11,2,10,7,23,8,8,12,3,17
2983,11,9,5,6,9,10,23,25,21,4,7,35
4781,3,21,8,23,27,9,4,15,29,25,5,42
3087,29,3,13,25,9,9,13,8,15,21,3,41
2997,1,12,23,27,13,10,19,10,6,11,5,33
1456,9,5,1,4,18,15,21,13,8,2,5,26
1236,25,11,25,11,7,23,11,16,7,17,5,43
347,19,5,19,1,3,6,29,25,15,7,4,44
2696,18,15,1,22,5,11,23,6,7,11,4,39
2460,1,15,5,27,3,3,15,27,9,7,4,53
4861,23,15,1,23,7,8,25,17,21,9,4,44
1955,9,20,11,30,17,3,9,29,17,11,4,45
366,3,28,15,7,27,6,27,17,5,21,8,47
108,12,11,16,15,1,30,10,19,18,19,5,29
4248,3,20,29,5,15,1,15,4,6,9,5,34
1637,21,13,13,7,15,7,3,23,10,2,5,33
2633,27,7,28,19,1,17,13,21,6,16,3,29
3008,12,9,15,2,13,26,24,3,1,17,4,35
3578,25,25,18,1,9,23,17,3,13,13,5,48
295,5,15,11,26,6,9,7,12,25,5,8,39
818,3,1,15,18,5,13,12,11,14,27,5,33
3400,3,13,17,13,11,22,17,13,11,26,4,35
4574,13,27,4,13,9,16,5,16,3,22,4,26
4114,10,6,10,25,17,13,13,29,1,14,4,37
2679,7,10,27,14,17,11,13,19,16,20,2,26
3360,13,11,14,10,15,9,5,3,22,13,7,39
1072,19,11,27,4,25,9,27,24,22,21,5,32
4521,4,22,6,5,4,8,15,17,16,19,7,32
3433,30,4,4,24,23,18,29,9,21,21,3,37
3048,7,7,3,17,11,3,15,29,5,17,3,48
3253,23,19,17,13,21,30,1,2,11,27,3,36
4093,5,13,4,1,19,22,21,13,14,8,6,27
2343,1,19,5,5,14,16,9,9,6,7,5,37
1501,29,17,5,20,3,19,11,5,17,1,3,45
2715,25,11,30,25,5,15,23,12,23,13,3,39
1945,16,7,27,29,4,6,8,29,17,25,7,37
4331,5,11,12,23,9,3,27,7,6,21,5,40
4638,1,20,9,3,3,8,13,20,15,5,5,41
1774,15,14,17,25,5,13,30,27,10,6,5,26
77,8,11,5,22,24,19,25,13,8,29,4,34
4974,6,15,25,3,1,5,25,11,11,13,4,49
474,8,10,2,25,16,3,11,14,17,1,5,36
1229,8,10,18,9,29,11,3,8,14,15,4,31
2602,16,1,9,4,23,17,5,11,25,21,5,47
2038,6,13,11,18,17,3,1,22,12,29,5,32
2298,1,7,27,9,27,20,15,12,5,7,3,40
3244,21,6,29,23,27,25,22,5,12,10,6,27
105,5,7,15,9,8,7,6,4,8,25,4,24
3053,1,24,3,15,9,27,8,15,5,4,4,37
4567,5,17,12,5,1,8,19,29,13,25,4,42
4614,1,26,9,13,13,10,3,7,14,19,4,39
1020,19,17,10,21,15,10,19,17,28,27,5,35
4739,15,9,9,11,23,14,7,11,30,23,4,36
4417,4,7,13,12,17,23,1,21,11,19,3,45
3287,10,27,3,1,11,16,11,29,5,4,5,36
282,7,5,9,27,3,17,21,25,9,27,3,48
4515,3,15,11,9,5,19,21,1,15,27,2,47
1434,6,8,19,30,19,16,3,24,17,5,3,32
3173,1,10,28,7,19,3,15,4,4,7,4,35
2327,5,17,17,7,7,12,12,21,20,3,4,30
1352,11,3,27,9,7,5,11,14,11,23,4,42
445,23,19,18,8,18,23,30,9,17,23,3,33
721,15,9,12,12,12,17,3,5,1,21,2,38
1627,15,6,10,19,16,1,17,27,17,23,3,41
3678,6,23,15,17,21,27,3,11,11,27,2,47
2637,10,17,1,8,5,24,4,23,6,23,4,27
4405,13,1,20,15,19,23,9,13,11,7,2,45
3923,1,29,21,23,23,17,22,29,15,24,3,37
3404,11,27,6,29,17,19,14,27,7,2,4,32
126,3,13,9,27,21,15,11,18,29,19,5,43
4805,4,19,7,10,7,1,23,29,28,11,7,41
2446,16,14,9,21,1,3,15,23,7,21,4,48
4200,18,7,9,13,11,3,5,15,7,19,4,49
3940,5,10,27,6,1,12,3,27,15,7,4,40
2319,23,1,9,7,23,6,19,20,11,26,4,28
2235,15,6,13,17,7,29,3,9,3,12,2,37
1702,30,23,4,9,4,18,25,21,21,29,6,40
4604,15,23,1,24,23,13,12,11,17,27,3,39
1610,9,2,19,18,13,8,1,29,29,29,6,42
2911,7,29,19,13,7,3,6,6,9,1,4,36
4454,1,26,7,19,10,3,3,28,11,23,4,41
399,3,11,7,13,27,17,4,25,15,10,2,32
269,10,15,8,1,11,6,14,19,8,7,5,29
497,6,5,25,20,3,11,28,9,19,24,6,33
3186,23,24,5,9,23,3,24,28,9,22,8,30
267,7,1,23,15,11,16,10,5,27,8,2,27
4395,7,29,13,1,8,8,5,15,11,6,5,32
182,29,27,5,7,4,7,11,4,17,17,2,36
2648,11,5,13,17,23,16,25,11,21,20,3,34
4520,5,9,6,16,25,8,1,29,25,18,2,28
2490,15,7,3,1,28,7,6,27,10,15,4,31
3912,3,8,5,15,17,25,1,9,7,13,3,47
994,13,9,3,7,23,13,14,20,7,5,3,35
4728,6,17,14,17,18,9,20,1,18,10,3,19
3189,15,5,18,15,29,21,12,1,29,17,4,41
4878,18,25,3,27,11,15,1,23,19,19,4,49
341,18,11,15,16,5,21,15,25,1,7,3,45
651,15,7,15,21,11,18,25,13,27,15,5,45
2781,27,12,17,13,15,11,5,29,6,9,2,38
3720,3,27,26,11,1,28,13,19,3,25,6,44
141,27,3,3,25,19,11,7,15,4,19,4,41
2527,27,17,14,15,13,27,13,3,5,1,3,46
54,29,22,23,9,9,16,13,25,10,22,3,25
4741,7,1,3,20,29,17,18,21,28,15,5,33
3118,3,25,16,27,13,1,22,23,15,4,7,35
4401,7,13,1,29,23,20,21,5,16,9,4,36
2238,26,17,11,30,2,9,14,27,12,6,4,19
3706,23,12,9,3,5,12,1,6,7,4,5,28
571,30,19,7,9,8,7,10,7,23,1,4,39
4415,7,5,10,13,2,14,4,5,5,1,5,33
57,11,1,29,11,25,28,23,13,3,23,4,44
3621,7,15,10,10,25,15,29,17,19,18,4,35
1372,23,1,29,11,10,5,13,3,15,16,5,37
3875,1,19,9,15,19,4,11,23,7,9,4,48
4238,9,27,19,3,6,8,10,1,15,25,3,33
2220,20,27,3,3,17,30,8,1,7,4,6,31
2799,1,23,7,17,7,19,21,13,13,10,2,42
3516,25,1,3,27,11,15,13,21,29,15,2,47
4862,16,29,13,7,17,4,5,15,19,12,3,34
549,1,14,12,7,5,16,9,15,3,8,3,35
4132,28,8,29,17,15,25,19,9,25,13,4,48
4285,1,3,8,14,9,15,18,14,19,17,3,34
3843,13,5,8,3,4,17,6,19,15,18,4,28
1404,10,11,27,3,12,15,17,19,7,1,7,48
2677,16,17,25,14,19,21,13,3,5,13,5,47
1516,3,25,1,17,11,16,25,12,3,5,4,37
2584,10,29,6,25,7,2,5,13,14,11,4,34
185,25,11,17,1,20,23,27,12,9,9,2,36
4044,8,3,11,6,19,11,10,30,1,25,3,32
3238,27,7,25,23,23,4,11,2,25,9,5,38
2377,15,17,3,23,22,6,5,19,21,8,2,29
255,5,29,15,1,7,3,25,30,4,9,4,34
1261,1,21,10,19,29,9,30,30,5,17,4,38
2786,2,29,11,5,7,18,17,27,19,9,6,46
2457,14,3,7,3,15,11,19,23,29,22,5,41
3608,20,13,28,27,3,13,22,11,3,25,4,41
4564,27,19,1,5,7,9,11,3,24,7,2,39
655,23,29,3,11,6,3,6,4,30,17,4,24
4870,3,5,13,12,22,14,7,27,11,10,7,31
1818,7,2,10,5,13,3,19,4,10,25,3,30
2048,25,30,4,9,29,21,12,15,28,12,2,21
2257,19,27,9,27,13,7,23,26,6,9,4,34
1138,5,1,23,29,6,15,7,17,10,15,3,36
4353,18,7,19,13,19,12,1,3,15,7,3,43
3222,27,3,11,13,8,19,1,3,6,10,5,29
358,5,1,27,28,19,17,5,6,4,15,3,30
3954,8,9,21,18,25,19,7,25,6,1,3,37
1195,14,26,27,1,12,21,17,29,14,4,2,25
2000,13,4,7,23,1,16,29,23,14,14,5,27
1573,25,29,1,19,11,7,9,5,12,17,4,41
1835,27,4,29,14,17,4,12,19,27,16,4,25
2711,11,6,24,7,9,21,17,5,19,17,4,46
142,9,12,10,26,11,5,6,23,9,17,3,36
2272,9,12,25,26,6,4,10,11,23,13,5,31
3561,9,24,27,18,23,19,6,26,3,3,5,33
1798,9,10,11,16,7,10,6,9,5,15,4,34
536,28,1,10,3,5,21,22,9,9,14,2,30
4440,13,13,14,23,23,25,21,24,15,11,5,41
1964,7,13,5,21,9,8,10,14,7,6,3,21
1162,7,20,10,29,28,13,29,1,12,9,5,35
1022,23,15,13,23,30,7,15,25,29,8,6,38
3159,25,20,20,30,21,11,8,13,6,7,2,27
1312,5,9,29,5,15,1,22,18,17,6,5,28
1189,29,27,11,17,6,11,21,23,19,3,8,49
756,3,19,9,15,21,17,23,15,5,5,3,48
1051,19,3,19,5,14,6,7,29,27,11,4,40
2106,6,8,9,1,15,8,17,25,2,9,4,35
2425,3,15,18,30,3,22,1,23,9,6,5,31
658,12,10,25,8,21,3,5,23,5,9,2,43
585,3,3,9,6,11,8,21,5,9,29,4,41
2012,27,23,5,16,15,18,7,25,8,30,4,24
4780,21,8,27,24,12,9,7,17,17,15,4,41
4966,7,19,27,15,13,11,10,17,19,6,7,37
1973,11,29,16,13,23,20,29,7,19,3,5,43
1922,13,9,6,13,3,7,9,23,17,15,4,47
2944,1,2,9,7,7,14,5,15,4,17,3,38
2828,9,2,19,8,1,5,21,25,17,3,4,45
792,27,23,1,29,15,20,5,5,19,8,2,33
883,1,25,23,7,5,3,29,11,3,13,4,53
2324,1,7,8,17,7,25,29,23,17,3,6,53
2806,1,13,27,4,6,15,15,8,18,11,5,32
3546,18,29,11,12,27,13,17,4,13,10,5,31
3062,21,29,23,11,15,1,10,17,6,29,4,35
794,11,7,4,7,25,1,13,27,30,5,3,38
4155,1,7,27,7,25,19,15,17,5,7,2,51
1132,15,10,23,5,11,15,11,1,19,27,3,47
711,6,19,3,9,17,11,24,1,27,10,7,37
2462,21,5,3,1,3,7,9,15,15,14,2,38
1863,7,5,12,28,27,11,15,30,23,8,4,28
1856,21,15,15,20,1,7,11,29,19,13,3,45
2499,15,29,15,17,11,19,25,1,6,10,4,32
38,6,21,1,9,15,3,21,15,8,12,5,33
3566,13,23,24,15,30,11,23,9,4,21,3,34
4882,4,11,12,5,4,21,1,13,15,24,3,33
380,23,25,30,22,27,4,29,17,30,1,5,32
179,9,2,1,19,12,11,17,21,14,25,5,37
2561,6,5,11,3,22,18,11,11,22,13,5,33
874,8,19,16,3,1,5,7,27,5,7,8,51
2179,6,9,7,4,21,9,23,3,7,4,2,35
2654,15,28,8,8,29,9,1,7,29,21,5,44
2617,19,12,25,15,29,8,23,5,13,23,3,42
4581,5,13,11,1,21,23,24,16,10,5,2,26
835,7,4,1,15,11,21,13,19,12,12,3,30
3220,19,5,9,15,25,5,1,13,26,15,4,41
3413,21,3,14,4,18,11,3,27,7,13,5,41
510,25,17,18,1,15,27,19,9,11,3,2,45
2874,5,3,26,11,29,17,23,27,7,20,4,38
1938,3,25,9,15,3,11,3,17,23,9,4,49
1704,19,4,19,19,5,4,1,24,14,10,5,20
1990,12,11,2,17,30,14,8,21,4,1,2,22
3739,28,26,17,6,8,21,15,23,3,1,4,41
3920,11,28,3,9,29,27,25,7,1,11,3,47
4783,29,27,23,20,7,21,10,4,11,3,4,33
2841,7,1,29,13,29,3,11,7,5,3,5,50
2143,12,3,1,21,5,21,29,24,10,17,4,34
3141,11,25,9,28,25,7,23,1,14,3,2,36
4220,8,7,23,19,15,4,5,24,28,9,5,30
317,9,27,23,17,20,16,24,11,15,21,3,33
413,25,7,20,29,10,15,25,19,11,5,8,47
4931,14,1,6,20,7,10,11,10,5,8,8,27
2793,15,13,29,14,19,3,5,26,20,13,4,31
4531,29,3,4,3,18,9,4,7,1,11,3,36
4189,16,8,9,9,25,10,11,3,3,12,6,36
4599,1,17,15,29,11,13,13,9,11,9,5,54
1776,18,5,20,6,25,29,3,9,1,19,5,45
3384,1,28,15,14,6,27,11,10,18,27,5,31
353,9,3,29,1,25,5,12,25,11,7,2,41
1367,2,11,19,6,16,9,27,1,15,13,2,40
4348,15,1,8,13,19,28,6,6,21,7,4,29
1318,13,10,11,25,7,28,8,23,19,1,2,35
436,5,11,7,5,1,13,3,6,11,23,4,42
470,7,27,25,13,17,7,4,5,10,23,2,33
1133,3,27,17,15,1,7,6,14,12,10,2,17
696,15,5,22,29,21,27,17,21,10,25,4,39
4038,19,20,4,12,25,21,3,18,11,7,6,38
4611,19,27,8,3,17,29,18,27,5,21,6,43
3412,1,7,30,2,26,3,13,25,9,12,2,33
4633,17,16,18,5,19,11,8,29,6,7,2,30
193,5,12,23,18,6,9,25,8,25,14,4,25
1332,25,11,8,5,1,15,23,28,23,19,3,39
1113,7,20,5,1,5,11,13,7,14,9,5,41
3612,15,15,23,3,9,18,12,21,3,23,3,37
1136,11,3,15,5,7,30,3,4,4,7,7,32
4313,11,27,5,24,26,19,3,8,23,17,6,37
3822,13,5,12,21,1,4,25,19,7,23,4,42
1646,25,21,30,11,16,25,19,27,6,7,4,35
443,6,27,1,10,17,25,14,9,10,16,3,22
622,30,6,25,7,1,27,26,19,12,17,4,34
3014,21,4,1,25,9,6,10,25,11,5,3,36
4263,27,24,29,29,21,17,19,16,1,14,3,31
2912,3,3,5,23,1,10,27,13,25,27,3,43
4334,5,10,7,2,13,15,27,11,7,5,5,46
1468,30,3,13,21,9,23,6,29,8,20,4,26
2958,3,21,1,3,4,16,11,14,29,4,5,25
1570,1,29,3,7,27,6,15,9,21,8,6,41
2487,5,9,13,3,27,15,7,2,3,15,4,42
2569,10,7,21,11,1,14,10,29,30,25,2,28
4399,3,21,19,4,21,9,14,3,27,17,4,40
1523,1,11,15,21,5,11,25,8,28,13,2,36
2469,9,19,29,5,27,21,3,7,7,9,8,53
3237,9,1,18,2,5,19,21,29,25,15,5,45
605,5,27,13,5,25,16,19,23,13,18,3,34
3863,7,1,3,27,5,2,16,5,19,23,4,38
149,19,13,27,13,21,15,7,25,19,1,4,49
4847,9,28,11,7,29,4,13,4,1,3,2,34
1976,25,17,3,21,25,7,15,29,9,21,2,47
4865,17,19,3,17,9,20,23,13,5,8,4,35
4676,24,13,5,6,3,23,15,29,26,7,4,38
532,3,15,23,18,3,17,9,11,1,10,5,38
1056,10,5,18,27,6,20,11,20,3,18,3,21
3692,15,13,7,22,24,18,29,11,19,21,7,40
869,5,15,6,17,17,25,19,17,21,8,3,37
2109,6,5,15,29,13,14,21,13,2,6,7,30
2823,1,6,19,3,11,13,7,19,2,5,4,44
3676,1,27,25,3,28,8,5,17,15,25,6,46
3854,4,1,30,7,19,8,15,27,13,27,4,42
3501,6,25,19,5,3,7,4,29,11,3,4,43
3973,10,2,9,11,17,6,4,6,20,15,6,24
897,1,21,17,6,26,10,9,23,29,20,4,32
1422,28,6,9,11,5,3,17,9,6,14,8,35
4438,15,13,14,29,5,13,17,4,21,1,4,40
4884,1,14,9,6,17,29,23,17,13,15,3,48
2508,13,21,1,18,27,25,21,29,25,17,3,45
3890,1,21,18,12,25,13,17,29,8,7,5,41
4789,29,19,25,25,7,27,12,9,12,19,5,36
529,9,27,15,14,17,19,18,29,21,21,5,41
2099,19,19,5,20,12,17,13,18,3,7,5,36
3669,16,24,6,3,25,14,1,27,25,9,5,42
1222,3,10,25,24,11,9,9,22,29,19,3,37
3861,9,5,22,10,9,19,21,10,26,17,6,31
2835,7,1,6,19,23,30,24,8,15,19,7,32
2774,29,19,28,5,15,4,7,3,8,8,4,25
1013,5,9,13,3,4,25,5,3,25,18,3,35
2134,14,5,7,1,11,17,5,23,13,13,3,48
4659,11,10,15,9,21,17,14,3,19,17,6,44
4457,29,5,23,7,1,27,7,21,16,10,4,32
2194,5,26,1,6,23,10,19,17,19,5,4,40
3458,17,9,25,17,20,19,11,9,23,13,6,47
1710,14,5,13,11,17,1,15,7,28,16,5,33
187,14,13,9,23,12,15,24,1,19,7,2,37
2605,5,9,17,23,21,14,29,4,23,4,3,27
4684,12,29,7,19,27,3,11,8,3,25,5,43
4452,5,16,7,7,1,4,18,9,3,17,4,37
2563,25,27,5,16,6,7,15,6,29,3,3,34
3377,18,6,1,15,26,12,18,13,4,5,7,28
2442,3,6,12,16,9,18,1,22,30,9,7,26
2302,23,19,1,13,17,17,10,21,25,25,4,43
2760,8,20,26,1,5,23,10,6,22,17,4,25
886,25,5,23,27,9,6,3,7,6,5,3,35
3100,26,4,9,11,16,1,13,6,7,3,4,37
2392,16,3,24,28,9,22,13,5,1,13,6,41
3885,4,7,8,15,27,22,10,21,23,14,5,28
609,29,7,28,21,8,3,1,27,21,8,5,35
1457,27,11,1,19,16,3,23,3,25,8,5,37
1317,9,27,10,19,5,11,18,7,23,21,4,41
3939,4,11,1,8,23,19,16,5,29,3,5,41
3742,10,18,3,14,15,8,1,4,11,18,8,28
3999,19,29,4,9,13,25,29,28,5,19,4,40
1093,21,17,16,25,25,1,19,13,11,10,4,38
2981,15,3,18,25,4,26,11,10,1,7,2,29
2956,9,6,25,19,8,29,25,17,12,13,6,38
4756,14,5,1,10,30,13,8,11,28,21,4,28
2898,9,26,9,4,1,23,21,5,5,29,8,49
4323,22,18,21,27,12,23,17,29,27,25,4,44
1482,11,8,4,23,15,30,10,22,9,19,4,28
934,13,21,25,3,14,6,27,21,10,17,2,30
1802,16,10,30,9,12,4,16,18,27,25,4,24
3080,27,15,3,11,27,5,13,15,11,18,4,40
4987,8,27,13,27,23,23,11,7,9,3,3,48
2293,15,1,25,15,16,4,4,21,5,27,2,32
2995,15,25,15,12,17,25,5,16,1,24,2,28
1003,10,19,25,6,5,1,17,28,9,5,3,38
4956,1,9,21,29,5,3,7,23,21,15,6,55
1948,17,18,27,17,4,14,1,12,19,25,3,31
3007,12,29,27,25,6,7,7,8,7,3,4,38
3157,29,24,29,7,8,15,18,3,11,5,5,39
2543,29,27,10,1,3,25,9,6,13,4,6,33
3763,15,12,1,30,13,3,26,6,8,17,5,25
2468,19,15,25,8,24,27,4,25,16,17,3,27
76,15,24,30,9,19,15,21,13,9,7,4,46
1566,6,29,14,1,3,27,10,13,9,17,4,41
777,15,1,29,9,18,10,11,13,3,5,2,38
3600,17,13,4,3,27,7,11,16,17,19,4,40
3613,25,27,24,21,27,19,23,9,5,17,2,45
4442,22,26,6,1,3,10,15,5,18,29,4,33
817,17,23,27,3,4,27,9,22,19,19,4,38
909,17,12,6,11,11,7,23,3,17,5,4,46
4491,12,16,27,1,24,30,15,21,13,4,2,28
4635,7,29,21,11,23,15,15,14,15,7,3,41
820,11,28,17,4,22,27,29,19,9,18,2,30
943,25,13,27,9,19,3,7,13,21,23,6,51
672,14,26,25,15,17,27,25,18,9,6,3,31
4391,7,4,18,16,27,8,8,24,1,7,4,25
4023,11,12,6,25,10,29,9,19,25,19,4,42
1851,1,23,9,4,5,11,17,20,23,19,6,45
4616,21,28,15,14,17,26,15,7,30,20,3,22
3188,5,1,17,15,3,9,21,3,25,12,2,38
138,19,2,5,10,25,6,3,15,7,27,5,41
1218,1,5,7,20,15,6,3,20,9,27,4,38
1493,14,27,11,11,17,5,25,3,29,17,5,50
273,13,1,29,9,21,23,29,22,17,11,2,40
280,27,8,18,16,19,24,15,13,3,28,6,31
683,13,3,12,5,21,16,25,16,2,1,3,26
3099,29,26,25,30,1,12,6,29,25,9,2,32
2885,7,6,12,25,9,4,1,23,10,30,3,23
1018,6,21,17,13,17,9,10,17,29,5,4,43
3235,9,4,7,7,8,6,15,18,29,29,5,33
1757,23,29,17,27,30,4,9,1,5,27,4,40
3893,2,17,11,27,21,21,7,6,5,23,5,43
3647,15,13,1,20,5,21,18,18,25,29,5,34
3655,11,13,5,6,19,23,12,13,21,16,2,29
3858,5,16,15,8,14,29,13,21,16,29,3,32
1012,21,15,12,1,13,24,13,20,4,23,7,30
3262,5,6,10,1,10,15,25,6,15,4,5,27
225,19,25,9,17,16,12,11,5,3,13,2,38
932,5,3,5,29,25,29,10,1,7,23,2,41
2345,4,16,27,11,7,11,16,9,18,27,2,32
1678,1,5,17,26,14,12,23,9,11,19,2,39
2801,15,14,3,11,5,2,27,11,1,5,3,42
3845,14,15,13,4,26,7,17,9,15,17,4,42
3084,15,4,15,25,8,5,18,1,3,27,5,39
653,29,1,27,28,11,8,21,23,23,25,4,41
687,1,16,18,11,14,2,3,29,21,21,6,43
4625,9,5,21,1,19,15,21,12,14,7,3,33
4268,9,13,21,5,6,1,5,28,17,27,3,37
2734,13,11,24,27,25,4,16,1,15,20,6,29
3538,6,5,4,3,5,29,13,21,12,22,4,30
2030,30,25,5,25,3,27,1,13,24,7,3,40
3527,7,18,13,27,19,17,25,8,2,29,4,33
2186,1,21,12,29,7,20,17,15,7,27,4,46
578,7,1,5,27,7,30,14,17,9,13,4,38
2455,16,9,5,14,7,29,18,16,15,13,4,33
4544,23,10,23,13,21,19,9,29,29,27,4,48
72,21,13,9,12,17,4,29,21,4,15,3,32
2022,19,23,23,11,6,15,5,20,7,18,3,28
1474,7,30,15,6,13,29,9,25,27,4,3,35
4085,14,23,5,19,7,6,23,29,5,13,2,42
3403,1,17,5,27,19,24,21,23,25,17,4,48
181,4,8,12,1,13,2,7,10,3,12,3,24
1520,16,18,4,9,25,17,27,7,9,21,2,44
4902,27,15,16,11,9,13,18,29,27,7,4,41
3182,5,29,15,9,25,4,6,18,11,19,4,31
3832,17,10,1,6,20,16,3,4,27,8,3,19
3728,17,6,12,6,25,17,19,4,7,1,6,38
3357,10,8,15,8,15,11,4,23,3,17,3,38
2731,27,5,15,9,1,8,29,13,7,11,4,44
3687,26,11,15,15,3,12,5,20,1,20,3,27
4041,15,4,9,15,17,20,21,12,29,19,4,36
3964,7,15,5,14,11,10,5,3,1,10,4,32
2735,10,25,7,1,11,6,6,9,23,15,4,38
548,27,27,8,5,26,4,10,21,14,11,6,26
4577,16,27,13,10,1,18,5,18,13,17,7,37
1040,8,3,19,2,11,5,28,23,12,15,4,32
2886,27,3,7,12,1,15,30,25,4,23,3,31
2168,29,12,15,3,1,4,4,7,11,7,4,37
2873,23,5,3,28,7,25,8,14,11,15,3,32
4948,5,1,5,7,8,19,6,10,13,4,3,22
2789,27,7,13,7,11,7,4,29,21,16,2,32
3093,5,7,8,17,9,21,5,27,10,23,2,37
2434,6,19,5,24,4,27,12,7,23,16,4,27
31,23,4,25,19,21,18,3,4,9,16,3,26
859,9,4,13,9,3,12,18,26,11,4,5,22
4492,16,8,13,7,13,10,19,21,1,17,4,43
1463,29,1,19,15,10,11,9,6,21,5,4,38
1111,30,16,6,5,23,15,24,14,29,3,2,31
2768,10,15,3,1,15,3,22,19,17,21,4,43
4465,25,1,4,4,9,7,15,24,4,5,4,29
1676,10,5,6,19,15,8,23,5,7,21,2,40
3716,11,10,8,19,17,21,23,4,29,9,2,37
3743,25,7,14,9,8,20,29,5,11,13,4,38
2269,11,6,3,9,5,19,3,7,13,9,3,47
3481,5,8,21,29,17,5,17,9,7,1,4,48
3677,27,19,29,13,24,21,3,1,9,5,2,43
4853,15,11,5,5,10,19,21,21,7,30,3,35
201,15,12,15,27,8,14,3,29,11,16,7,33
3638,27,13,1,5,5,27,7,9,6,11,8,45
914,29,1,19,23,6,17,30,23,4,25,6,33
2609,22,23,15,3,15,10,29,5,1,4,7,38
1620,13,14,6,1,3,15,10,23,7,3,3,39
4293,18,4,17,17,5,17,4,1,2,13,4,34
4600,6,11,23,13,1,23,3,19,23,8,5,41
11,7,23,13,14,2,21,17,27,4,29,7,37
3308,8,14,23,20,7,4,21,26,17,29,5,34
4010,13,5,17,17,10,26,14,8,10,19,5,20
1751,11,21,1,17,8,9,13,22,23,4,3,28
1389,23,16,17,1,19,15,3,13,8,9,5,41
1653,1,15,6,4,30,11,5,11,10,20,8,31
4827,14,29,27,3,12,1,17,4,2,21,6,32
1832,5,3,6,25,29,10,21,17,17,13,7,45
1923,26,11,10,7,6,19,10,30,23,15,4,30
3322,19,15,24,5,9,1,25,23,19,26,5,39
2198,30,6,17,3,15,7,9,12,24,10,8,28
4477,15,12,17,20,2,14,19,13,23,3,2,34
3664,3,29,5,9,6,25,29,8,11,1,8,42
4037,19,10,9,1,15,8,15,3,26,3,5,36
1350,7,8,25,23,21,4,1,27,9,23,2,41
110,21,8,9,8,22,4,15,14,1,27,6,31
427,9,14,5,1,27,5,3,17,6,9,3,39
3694,27,29,17,23,13,12,25,12,5,15,4,37
4030,17,19,7,29,17,8,4,11,15,20,6,31
428,13,15,27,13,7,26,6,19,3,4,8,33
495,18,21,19,1,13,7,26,15,5,6,5,35
3926,13,13,29,11,23,29,3,7,18,27,3,40
2100,12,21,19,3,5,1,17,9,13,16,4,40
3058,8,16,15,5,21,13,26,25,11,4,4,33
1397,2,17,16,28,29,6,13,23,9,1,7,42
202,8,4,16,28,27,11,25,15,24,10,5,27
4497,18,17,5,11,19,20,15,8,8,15,4,29
2658,13,5,9,4,11,6,10,4,6,21,4,20
955,20,27,23,5,8,16,19,11,5,19,4,40
2590,3,17,18,13,9,19,13,25,7,13,7,50
4641,17,3,24,25,15,3,13,23,13,8,6,40
844,25,22,13,19,16,29,11,17,3,3,4,44
3484,1,17,23,12,29,7,15,15,15,11,4,50
1712,5,15,21,4,7,19,12,13,5,1,4,40
448,25,9,7,30,5,12,29,25,3,23,2,39
978,19,9,5,21,27,1,25,16,17,3,4,42
3520,8,15,22,4,9,15,1,19,18,13,3,35
4470,12,29,21,24,19,17,21,18,13,25,4,39
896,10,5,12,6,3,17,1,22,3,19,8,41
3765,20,15,1,7,4,27,23,10,27,18,4,29
1000,9,10,8,5,1,7,4,7,7,4,6,33
4591,1,3,15,29,25,5,7,10,17,21,5,47
4883,1,4,27,15,10,19,13,9,5,7,5,49
2217,14,9,21,7,10,4,13,19,9,4,4,31
1911,1,21,4,11,9,19,2,5,19,7,4,45
2589,11,17,29,20,3,5,3,1,18,15,6,40
2234,17,9,11,15,14,5,8,23,13,17,5,40
3688,19,14,7,1,21,15,3,11,25,29,5,49
348,1,3,5,29,17,15,7,15,11,11,5,54
2635,5,17,24,7,3,27,19,13,29,11,5,48
1552,9,13,7,11,8,30,1,27,12,9,3,31
3450,3,1,11,22,12,29,23,13,29,11,2,40
4905,12,18,21,13,9,9,7,14,5,25,2,39
3592,4,13,27,25,8,25,5,25,1,4,5,37
1193,3,5,16,24,15,1,10,9,25,10,4,29
1848,1,13,21,28,4,12,16,29,7,19,7,38
4518,15,7,16,14,3,1,9,8,11,11,8,41
4693,18,15,26,4,29,8,19,4,27,7,5,33
4762,8,18,3,29,23,4,17,17,23,15,2,41
4017,8,4,28,27,11,25,1,5,16,23,2,36
997,16,27,19,9,29,5,17,3,1,22,2,38
1635,29,25,11,1,11,7,7,10,4,3,4,34
3139,27,5,16,23,8,9,17,19,14,13,2,33
2690,5,5,17,1,3,13,23,17,21,7,6,51
4708,6,21,18,25,29,4,15,25,10,1,7,37
1078,17,19,7,10,11,16,14,12,28,12,6,13
1257,27,13,5,2,17,15,16,17,20,7,6,34
3869,4,11,1,15,11,8,5,23,7,25,4,44
240,11,1,18,8,7,27,23,3,8,18,4,27
2308,13,11,16,21,9,4,19,15,28,13,4,34
1537,1,16,9,5,29,15,8,15,19,9,4,46
3485,1,4,29,7,15,6,9,19,25,12,2,36
3432,4,10,1,20,24,18,6,10,19,4,4,14
1171,25,1,18,11,17,18,9,24,15,10,6,28
3730,3,9,25,9,29,21,14,23,11,4,6,36
1584,15,21,9,4,11,25,15,6,10,13,4,31
2833,15,11,19,18,10,13,14,26,9,26,3,19
308,15,1,5,12,9,15,13,6,22,19,4,31
1121,29,30,27,13,9,20,13,9,12,16,2,24
4339,23,7,29,3,26,19,30,4,26,7,2,22
2349,9,13,1,11,25,9,21,5,3,17,2,47
3887,6,14,14,7,5,5,7,25,11,10,3,36
18,23,27,23,13,17,6,5,3,25,21,3,43
4305,23,9,1,13,3,7,25,23,9,8,5,41
1124,29,11,13,7,17,17,11,26,2,3,3,33
1148,9,14,12,17,7,17,20,23,16,15,2,30
2107,27,10,5,16,3,7,9,29,29,7,4,45
484,9,27,7,15,5,27,8,23,3,9,4,43
4142,25,7,21,8,1,4,21,23,25,7,4,41
1412,1,26,13,3,21,15,19,12,3,4,4,36
4418,14,7,5,15,11,13,1,13,3,21,5,50
3105,7,11,15,23,4,4,10,29,7,26,2,23
4384,8,7,1,21,14,9,15,5,23,13,3,44
51,10,9,21,23,17,8,13,17,29,11,2,42
3642,7,4,8,3,13,1,17,25,23,25,3,45
2116,6,4,23,7,24,19,9,9,17,1,4,44
762,27,29,7,24,12,3,9,23,21,1,4,42
2049,29,1,10,5,29,15,5,21,9,4,6,40
1469,27,15,6,12,1,17,9,10,3,7,5,38
2759,25,28,23,29,9,19,14,8,4,21,5,28
1581,5,1,25,5,11,30,17,25,3,15,3,43
3241,25,9,16,1,3,6,14,19,3,11,2,34
3161,3,30,1,22,19,18,29,17,29,9,7,43
2314,13,8,29,5,15,3,16,27,7,13,7,45
2152,4,13,17,12,29,29,21,15,5,11,5,47
4796,15,7,15,27,3,14,12,1,14,17,6,32
1010,15,7,15,29,6,9,10,13,30,6,4,22
2008,27,5,13,29,1,27,28,21,9,11,4,43
832,14,29,4,27,1,27,5,9,17,6,3,37
634,9,5,7,6,29,8,22,23,11,16,3,25
2568,27,8,15,13,19,14,13,7,11,11,6,45
3316,16,13,4,7,11,26,25,5,15,23,2,40
614,19,9,17,23,10,3,7,5,17,29,4,45
4100,13,17,6,7,9,19,1,23,5,15,6,49
1974,17,3,13,5,13,13,3,7,19,27,8,53
2546,11,1,7,7,25,8,17,25,4,15,4,36
641,25,17,13,19,10,16,19,21,3,23,4,40
882,15,24,21,29,23,12,3,13,10,1,3,34
4605,13,1,9,4,7,23,8,25,27,14,5,32
4569,1,28,5,24,4,21,7,11,13,19,3,44
2322,27,27,3,10,16,27,8,8,28,13,5,22
3714,14,20,14,25,3,19,18,13,21,27,3,39
854,6,9,21,12,19,15,9,5,14,7,2,36
1444,25,15,14,27,15,4,25,5,5,11,5,43
4697,27,13,9,10,14,7,8,19,7,14,4,27
351,10,23,12,15,2,15,18,20,19,13,7,33
1110,1,5,13,15,28,4,16,25,29,3,8,42
3944,1,9,15,23,11,22,21,5,11,22,3,38
287,15,4,29,26,25,1,5,4,5,3,4,38
1334,18,12,13,7,9,5,23,21,16,29,5,41
3690,7,9,4,21,26,14,5,16,17,7,3,30
2171,9,1,17,21,22,13,27,16,8,5,5,31
3249,5,17,16,23,3,27,23,17,12,9,4,39
1248,13,7,3,19,21,11,1,9,5,18,4,40
644,7,1,25,7,19,9,29,5,3,17,2,47
3401,3,17,29,1,19,17,25,26,27,11,2,40
257,23,27,1,19,9,14,17,12,6,10,6,22
726,7,16,13,6,6,23,3,25,1,19,2,39
4485,7,26,15,25,5,10,17,19,9,7,5,44
2765,10,4,6,18,25,3,25,6,5,7,4,36
4565,3,11,21,1,25,11,7,26,22,21,4,34
3135,29,30,15,29,6,23,11,29,28,17,5,37
2273,11,7,23,21,15,17,8,15,10,9,5,36
1377,7,23,4,9,12,1,17,27,21,3,6,45
3486,12,11,8,4,13,14,11,21,7,17,2,37
136,27,1,13,17,15,25,27,6,17,11,3,41
2202,6,14,8,28,13,25,1,19,16,12,4,26
3556,29,8,2,22,29,21,3,23,1,5,3,42
4170,6,25,18,17,29,9,18,7,9,3,5,42
1486,15,21,4,30,16,20,3,29,22,12,2,16
1967,6,25,5,1,15,4,22,7,5,8,5,30
1867,6,1,23,3,29,9,19,8,3,17,4,42
2737,1,23,25,21,11,17,4,3,29,8,5,39
3129,17,7,6,14,14,7,19,12,15,10,4,24
4721,15,15,10,11,3,23,1,27,5,2,2,36
2037,29,6,29,27,8,14,28,8,30,1,7,21
2118,7,21,25,19,11,10,4,16,21,17,3,30
1604,24,13,21,27,13,1,25,15,29,9,4,49
4896,12,22,16,4,8,8,6,10,1,7,3,20
3961,8,30,9,4,25,4,1,17,11,13,4,40
416,29,23,13,14,11,9,25,8,18,4,4,22
1415,7,30,25,13,3,11,19,15,6,9,3,39
2221,4,10,7,27,9,21,1,13,16,15,6,42
3195,1,7,3,25,17,3,6,30,5,15,3,39
1417,23,15,5,17,13,24,5,3,21,15,4,44
2065,13,17,6,3,14,4,13,26,2,1,4,23
1428,11,3,6,6,21,6,19,16,13,27,3,31
2126,19,23,4,25,9,14,9,7,3,6,4,33
866,9,13,21,16,27,18,25,15,24,24,4,24
822,12,11,21,25,9,3,11,27,18,24,7,35
2558,12,26,4,15,11,2,27,6,23,5,6,36
1489,13,8,13,5,18,17,9,25,1,21,3,43
500,10,10,7,15,1,3,17,15,17,4,5,40
4657,21,14,19,7,7,3,9,23,29,21,2,46
1886,4,1,11,5,29,6,19,7,12,7,7,39
1755,21,11,27,23,5,3,14,19,5,8,4,34
831,4,10,17,5,16,11,15,15,9,15,6,46
374,23,27,8,5,3,1,13,12,11,7,2,38
2822,27,10,15,7,7,9,7,6,14,29,3,32
4359,1,16,22,7,4,29,6,15,5,30,5,32
4866,1,21,15,8,23,29,7,3,3,28,8,45
1151,9,15,6,16,23,1,28,5,25,7,2,36
4622,18,12,11,3,5,12,11,11,19,29,4,43
2282,6,3,17,3,4,17,11,13,21,29,4,45
4097,25,3,23,19,7,19,25,5,28,5,2,39
315,15,7,13,11,12,17,13,16,23,4,4,29
1962,4,1,17,27,5,23,5,30,13,2,3,32
3328,27,17,9,7,1,9,6,3,8,17,4,35
1208,14,19,17,19,13,29,25,13,29,21,2,47
4530,25,16,1,5,30,5,21,10,8,21,4,29
1713,17,10,1,13,15,17,27,8,15,7,6,43
738,27,16,26,3,23,30,15,9,28,18,6,26
709,13,30,9,17,13,11,27,26,6,11,4,33
2937,18,9,24,30,19,12,21,5,16,8,4,22
2347,13,15,1,25,27,21,16,11,9,16,8,38
3792,24,3,21,29,2,9,1,19,5,3,8,49
4176,13,6,13,17,5,26,18,27,19,7,4,37
437,13,20,1,17,6,25,17,5,27,15,5,45
1231,27,27,25,8,5,19,9,16,19,29,5,40
1873,7,11,8,15,29,13,23,10,1,28,6,33
2776,8,9,9,10,29,25,4,13,19,7,4,40
4830,3,19,6,1,9,7,5,3,7,10,4,38
3637,29,9,13,22,14,3,3,11,5,11,2,40
3228,21,7,27,17,19,1,15,3,5,19,6,51
4281,7,7,15,7,17,13,28,13,19,10,4,34
2087,17,19,28,5,8,3,3,21,16,13,5,36
2638,29,8,1,6,9,17,7,4,25,18,6,31
2755,29,17,27,27,25,8,11,23,5,19,4,44
3780,27,20,1,19,29,21,13,11,17,3,4,48
3699,7,11,7,28,3,17,27,15,6,17,4,38
28,25,10,17,8,15,21,11,2,4,17,5,31
2387,25,19,15,5,17,27,25,1,3,7,6,51
931,12,3,13,29,5,15,3,27,26,8,2,30
3788,23,5,10,9,29,22,23,1,7,15,6,44
4808,13,20,18,13,3,7,13,19,9,8,6,39
564,25,15,17,8,16,29,7,5,18,17,6,36
62,1,13,21,11,25,13,27,9,11,21,6,55
3672,27,1,3,11,11,17,8,19,29,8,2,32
802,1,3,6,21,13,7,6,25,5,3,4,45
1761,9,14,29,21,15,29,19,18,5,4,6,34
1192,4,28,22,13,11,11,1,19,23,17,8,50
1310,15,21,17,21,18,7,19,3,13,8,4,36
3350,12,24,5,15,11,10,17,13,6,1,3,34
3868,1,11,23,7,17,3,10,15,9,4,5,39
1805,29,30,1,19,5,14,19,7,17,3,5,44
512,18,3,22,7,24,13,21,5,17,28,4,34
3076,9,14,21,19,13,15,10,15,27,7,5,43
2578,14,1,17,7,6,30,4,23,13,18,6,27
4703,11,21,8,24,3,23,10,17,23,4,3,28
4166,24,25,13,8,16,1,15,9,7,21,2,40
1969,10,9,5,7,4,1,3,11,25,23,5,46
1245,5,1,3,27,25,15,13,5,14,18,4,32
2400,1,23,23,4,9,3,9,11,14,7,4,42
3902,15,27,1,17,7,8,18,14,25,23,5,32
3662,7,16,4,9,13,29,3,14,17,16,8,34
2473,16,23,7,12,25,20,21,15,11,13,2,39
3549,5,5,21,23,1,3,4,3,25,13,6,45
4346,11,6,19,23,10,9,19,17,13,4,5,36
235,17,19,6,13,21,5,3,4,30,11,3,31
3701,16,6,23,17,7,19,7,2,18,29,5,34
1313,27,29,18,23,9,13,14,5,5,11,2,39
1405,17,18,7,8,7,13,5,23,25,15,4,45
1262,19,9,6,1,5,3,7,28,11,25,3,39
4568,21,18,25,4,8,23,7,9,29,1,2,39
151,3,29,2,7,19,27,17,3,4,8,6,32
2344,5,29,17,30,7,2,9,29,29,14,5,33
679,8,17,1,11,25,11,12,17,9,6,5,35
1593,1,21,29,19,11,17,16,5,16,21,7,42
3826,19,24,18,13,7,26,6,7,9,8,2,24
3585,22,11,9,7,29,13,16,29,2,6,5,27
3284,8,18,15,6,15,20,5,1,12,30,4,23
733,1,16,19,16,9,15,23,10,7,14,4,33
82,11,4,5,1,15,12,29,25,29,30,4,34
1931,1,3,17,13,11,5,17,23,15,19,5,54
2151,11,15,18,27,29,19,7,27,17,11,4,47
2531,13,3,19,8,7,30,3,11,15,5,4,41
281,8,7,25,7,29,12,16,13,21,20,3,28
67,1,29,15,8,5,23,12,17,14,20,5,28
4424,1,29,27,6,17,21,15,24,2,8,3,25
4920,8,19,16,17,5,7,11,15,25,13,2,45
4174,11,11,11,8,13,13,3,14,8,7,4,31
2402,1,25,4,22,20,19,9,12,6,5,5,30
4644,15,1,8,6,29,5,9,17,23,19,4,44
3729,30,7,26,7,11,1,25,14,5,23,4,40
135,3,11,7,2,27,5,27,1,19,6,6,39
3809,15,1,25,8,4,5,17,3,18,19,4,34
211,21,15,1,4,19,29,11,9,19,3,4,46
2091,21,20,25,8,9,15,17,15,10,21,2,35
669,19,4,17,5,27,5,3,29,30,15,2,38
372,29,30,9,23,23,13,27,19,5,5,6,50
1322,1,17,15,4,15,16,3,9,17,19,3,44
551,3,7,16,1,11,5,7,23,12,21,4,39
3376,13,3,1,14,9,30,21,10,15,16,5,26
4844,15,9,27,19,9,1,21,16,18,29,5,35
3696,9,5,25,29,6,20,6,7,1,11,3,33
4441,23,19,7,11,15,27,21,25,1,6,3,39
686,7,11,17,26,3,9,8,27,29,28,7,34
873,3,1,2,17,11,6,14,23,18,17,8,32
4592,10,4,25,9,3,8,13,4,1,3,3,35
1624,4,15,22,17,16,1,3,3,27,3,2,41
1744,17,19,20,9,5,3,11,20,29,3,4,40
4964,11,28,23,7,1,18,15,17,21,25,3,42
894,24,5,8,5,18,3,23,9,15,10,2,32
916,25,1,21,11,3,25,29,23,27,19,7,52
4342,8,15,14,18,10,18,27,14,22,10,3,10
4148,14,23,1,27,9,28,3,15,17,5,6,46
1703,22,11,17,13,27,8,1,14,19,19,3,36
3447,17,13,14,27,9,17,9,12,13,7,6,42
4634,1,3,16,20,13,17,14,11,5,15,3,41
1198,16,1,25,25,17,5,17,9,6,11,3,40
4382,29,21,13,27,1,17,15,14,13,3,4,42
1445,15,25,12,13,18,19,29,1,8,3,3,34
314,13,3,13,18,29,15,15,9,1,14,3,36
4913,7,9,16,10,27,20,17,8,16,23,4,24
2020,2,5,11,15,6,7,6,12,3,25,3,31
2274,24,9,22,27,17,14,5,7,29,16,4,33
4626,25,9,9,5,3,13,13,7,9,23,6,51
3149,15,27,18,1,7,24,12,11,6,13,4,28
3184,25,13,9,16,23,1,30,23,7,18,4,31
1992,3,18,13,17,18,5,6,5,5,25,5,39
1531,9,29,5,11,17,18,5,27,23,3,3,43
4800,3,7,9,24,10,10,23,9,25,11,6,39
3009,25,1,3,16,8,21,4,13,18,22,4,19
4217,20,30,19,5,3,19,25,13,11,1,5,49
4124,29,7,9,17,29,6,9,22,3,14,4,28
3579,28,24,18,7,21,11,17,19,9,3,2,44
1155,23,16,1,29,2,17,11,5,21,10,2,33
4814,1,16,14,22,10,15,4,27,4,19,3,28
1902,17,1,18,17,9,5,4,29,21,11,4,41
3844,26,13,25,10,23,19,13,25,18,17,4,38
3019,9,29,17,11,11,25,1,23,27,17,3,48
3218,1,19,23,7,9,10,18,10,13,7,2,33
3707,6,27,30,10,10,9,1,14,14,21,4,25
3214,25,1,8,5,15,11,26,30,17,13,5,35
3073,15,4,27,13,29,19,9,6,26,27,3,32
4151,21,18,1,22,12,15,23,13,11,5,5,42
4443,17,9,5,1,12,8,28,27,19,8,4,25
4550,26,5,17,26,15,19,9,1,7,23,4,46
2331,26,15,3,17,3,28,19,7,12,11,5,37
4656,29,7,13,4,3,16,7,14,4,21,2,24
3828,27,15,9,26,8,16,3,6,11,5,3,29
661,11,25,7,15,21,15,1,20,21,19,7,45
3472,1,9,5,23,9,3,10,18,3,5,8,44
1844,23,13,13,17,29,10,25,15,11,15,4,44
1739,27,19,15,1,11,11,8,8,20,27,3,27
4249,27,16,17,10,15,16,8,17,5,12,7,28
1899,10,10,9,13,15,8,19,4,29,3,7,39
3054,3,23,18,15,6,27,15,21,8,18,6,28
642,23,13,11,10,3,7,1,3,23,19,7,49
4243,19,13,24,29,9,27,1,4,4,9,5,33
2397,15,29,11,1,9,3,21,14,23,10,4,33
1082,1,25,11,24,17,26,15,23,21,5,3,44
621,1,29,5,9,13,9,9,4,26,3,4,38
1740,5,21,1,30,5,8,7,15,21,26,2,30
3588,27,10,13,9,1,16,5,17,14,25,3,34
2105,10,5,21,27,4,19,25,12,5,3,2,36
976,7,25,14,27,29,3,15,17,3,5,4,47
88,18,23,26,12,5,23,1,29,27,23,4,44
1406,9,9,7,5,15,28,29,22,12,15,4,29
3738,25,21,11,13,4,13,5,12,8,1,2,28
2415,1,19,22,26,6,19,2,17,8,3,2,28
2753,26,23,9,12,5,1,19,12,23,25,4,39
4857,19,29,4,11,7,17,27,7,25,14,6,40
2556,22,9,2,13,15,13,15,21,7,24,4,38
4712,11,2,21,14,19,10,25,7,27,1,4,40
2853,5,29,4,27,1,17,23,10,17,9,3,39
398,12,7,1,18,8,20,11,27,7,14,7,31
4831,10,9,14,28,28,14,5,15,18,26,2,16
4571,29,5,4,11,19,1,9,15,10,21,3,38
3032,19,12,10,29,4,7,9,23,21,20,2,31
3223,9,19,5,17,12,19,1,18,21,30,4,29
4724,15,5,23,9,13,9,9,5,4,6,3,31
338,23,29,17,12,15,3,7,17,11,5,4,46
2884,7,1,19,23,21,4,9,28,16,14,4,20
412,9,15,27,1,17,20,21,13,18,25,5,37
1435,21,30,25,6,1,18,6,23,23,27,3,33
4526,23,6,11,1,27,5,17,12,10,13,3,32
94,15,5,23,29,15,29,24,1,27,8,3,33
473,18,8,23,15,29,25,9,14,4,17,3,32
1098,6,16,13,6,30,11,19,19,9,2,2,30
4226,27,11,9,11,16,5,8,1,19,15,7,42
4122,14,13,1,12,9,29,17,20,28,7,2,29
2720,16,7,3,30,8,17,13,25,21,14,6,35
3314,21,29,1,21,16,16,14,17,25,19,4,34
3811,4,5,19,29,20,10,11,9,19,17,3,39
723,28,6,15,23,3,9,29,21,5,7,5,49
2036,21,19,5,12,11,15,23,6,20,18,4,22
2395,9,17,28,9,23,15,1,9,19,15,5,48
1617,17,5,19,9,21,1,18,11,24,17,4,35
478,3,9,4,18,8,21,27,7,8,6,5,24
3606,4,29,21,14,7,16,16,1,12,21,7,30
2894,25,23,1,15,17,7,10,9,6,6,2,24
2949,9,15,25,3,14,4,5,15,29,8,7,34
4077,21,15,11,15,3,13,3,1,4,19,5,42
1742,16,27,19,10,5,8,25,1,21,23,5,42
496,3,18,14,6,9,21,10,9,20,7,4,29
3004,4,25,5,27,5,9,23,10,11,1,7,45
4362,13,5,13,5,1,11,29,11,10,29,4,41
115,8,7,1,6,23,4,13,13,11,21,4,41
3338,13,25,21,1,7,8,19,11,15,28,4,35
3280,27,21,12,26,28,23,29,30,27,27,6,35
3269,7,27,3,15,13,5,15,7,3,26,5,41
791,3,3,7,10,19,5,9,8,10,7,3,30
3711,9,13,24,26,11,21,27,3,27,7,5,45
4658,10,20,21,29,16,13,5,15,19,1,7,47
4042,14,9,5,9,11,4,7,3,14,10,2,25
1400,8,16,9,19,25,13,7,13,30,16,5,32
480,1,24,13,29,18,21,6,8,23,9,3,34
1799,1,17,4,23,17,30,6,5,13,3,3,39
4907,12,21,9,19,5,14,1,17,15,20,3,34
107,5,14,11,17,15,13,25,4,11,9,3,40
4763,21,16,5,18,9,29,14,25,1,21,5,40
3911,19,18,6,5,25,9,13,3,14,19,2,36
3106,12,25,20,15,1,11,6,13,19,11,4,41
3970,25,5,16,17,30,3,15,7,1,10,4,34
4494,10,8,21,16,14,3,19,21,25,24,6,34
2193,4,25,3,10,9,11,14,19,29,26,5,32
3952,11,5,5,13,19,25,11,5,15,19,4,49
4919,17,19,3,29,26,17,19,7,30,9,3,36
2132,9,5,23,8,19,7,3,21,2,27,4,38
2674,7,12,1,7,11,15,3,5,29,30,7,42
1903,5,9,29,1,17,13,25,19,13,24,6,42
1217,14,23,9,13,13,18,1,10,21,29,4,37
4909,19,4,15,11,5,21,19,6,4,3,6,35
2837,27,27,5,15,23,9,7,11,13,1,6,51
3898,19,7,10,19,27,21,4,7,16,1,7,36
1546,17,28,1,15,19,11,22,9,21,15,7,45
595,7,5,12,10,17,22,9,27,3,29,2,37
2002,29,20,10,4,6,6,19,3,5,17,6,36
3569,11,2,21,23,9,20,1,13,22,30,3,25
2401,21,25,7,8,23,17,7,14,6,15,4,31
2978,13,9,6,5,11,7,15,4,13,21,6,42
4321,13,21,27,7,4,9,10,6,1,15,7,35
3572,19,13,14,13,7,13,14,25,27,29,4,41
147,10,9,4,13,6,10,19,13,1,27,5,39
3648,3,12,8,9,1,8,5,20,3,29,3,33
635,10,26,15,23,15,1,28,21,26,6,5,26
4172,25,17,14,7,19,29,3,1,14,17,3,38
1185,17,27,11,15,1,19,29,4,13,21,4,42
1118,23,13,23,17,7,25,12,7,5,1,4,43
2407,17,5,11,22,9,17,12,15,8,3,3,31
4055,7,26,2,14,4,18,22,5,21,25,5,29
2675,27,30,7,11,19,18,6,3,25,27,5,38
684,9,14,3,3,28,17,23,13,27,25,3,43
2115,27,5,19,29,25,4,27,13,15,7,8,48
2802,1,14,20,5,6,8,22,17,17,3,5,36
1283,10,5,15,15,15,8,29,11,8,22,4,27
3160,23,30,27,17,1,11,27,19,7,9,2,46
2913,15,14,11,25,8,9,23,21,19,11,2,42
2577,23,11,3,25,9,22,19,5,16,19,4,36
4475,3,5,1,12,27,21,8,7,22,11,4,32
1517,4,15,17,8,9,1,5,25,10,25,4,38
2033,15,27,16,13,29,12,3,8,14,5,2,25
1788,5,15,18,16,11,19,10,3,17,7,3,37
1392,17,14,19,1,25,13,8,23,9,3,4,42
2805,7,8,3,10,1,13,3,17,15,11,4,45
3202,13,7,13,3,1,25,5,15,15,9,3,48
2542,15,19,2,3,24,21,10,26,1,18,2,19
1438,4,27,7,15,29,3,1,11,17,12,3,39
2651,2,27,28,5,26,10,6,19,25,15,4,32
2335,19,9,15,19,9,10,30,25,14,7,3,29
2597,2,29,5,5,3,29,19,7,23,17,2,47
13,17,17,9,17,1,19,5,5,5,18,2,38
3969,1,16,23,18,7,30,4,11,23,10,4,29
382,16,7,14,27,29,5,18,17,21,2,5,33
2336,18,6,13,13,1,28,6,15,15,11,5,38
3568,19,10,12,17,9,7,1,6,21,15,4,39
962,14,3,13,21,15,16,19,15,7,14,5,36
1786,4,15,3,9,27,29,13,19,14,19,3,40
2042,10,21,22,3,15,7,15,21,6,9,4,39
514,3,17,9,15,13,27,4,22,21,14,3,26
2751,10,27,30,21,17,8,5,23,3,20,5,34
1190,3,16,9,17,5,19,30,17,9,25,7,45
1158,13,19,1,28,6,11,5,3,17,3,8,46
3830,4,29,14,7,15,7,25,12,11,19,3,39
471,13,5,9,23,1,11,24,5,21,7,4,43
419,9,29,9,7,23,14,21,1,26,15,5,37
2738,29,18,25,6,22,10,1,7,8,11,3,27
3387,1,5,9,14,15,19,18,27,16,4,4,27
52,11,17,24,22,25,5,3,9,15,6,2,33
3981,26,3,14,13,17,15,21,25,4,7,6,41
1066,2,17,7,19,29,29,11,5,10,6,2,30
1701,17,23,21,29,10,14,3,3,25,3,6,42
3584,9,1,8,17,9,22,29,3,15,25,2,40
4541,17,6,1,13,3,8,15,12,17,4,2,25
1383,9,13,10,28,22,19,21,1,18,2,3,22
1513,13,9,1,3,6,9,9,13,7,11,4,45
2243,5,29,7,17,19,29,9,1,7,13,4,49
885,4,11,3,1,4,9,9,23,5,25,3,44
715,11,18,16,27,29,21,29,13,1,3,7,49
4925,6,1,9,3,5,19,9,14,23,19,2,40
2204,18,13,1,5,11,26,29,13,7,4,6,37
2855,6,15,17,1,7,27,13,4,20,18,3,24
1214,3,30,1,29,7,21,10,15,5,17,3,41
890,20,3,7,17,15,29,25,9,1,13,6,51
44,16,1,11,15,15,25,9,19,27,5,2,47
3391,17,7,4,4,3,29,9,11,18,2,4,27
2840,24,7,1,11,3,21,30,13,5,12,3,33
755,5,17,3,23,15,13,3,1,4,9,7,44
951,27,4,15,3,1,11,15,7,19,4,3,38
3564,13,11,19,6,23,29,29,5,17,11,5,47
752,3,9,12,21,29,15,11,11,29,17,5,48
2818,25,17,8,27,3,13,20,11,22,9,6,35
453,11,16,3,20,1,21,26,3,29,4,5,31
34,15,17,13,7,6,21,19,7,11,15,3,44
3776,29,23,18,21,1,25,23,18,15,19,3,39
2964,5,3,11,11,27,23,3,1,16,17,4,41
3213,10,14,5,25,26,1,14,23,23,25,3,37
4979,6,18,15,23,27,12,1,3,3,16,6,36
837,27,23,1,15,3,19,12,17,14,22,5,27
4219,17,1,11,7,5,21,19,24,11,3,3,41
4538,15,3,5,19,23,9,5,27,7,3,5,50
557,29,6,13,2,21,21,10,24,14,8,7,18
2947,15,9,1,8,7,4,27,29,17,27,4,41
2796,26,18,6,18,5,30,15,13,6,13,3,29
645,5,16,7,9,30,8,19,10,1,29,2,30
1668,4,29,15,13,19,8,3,29,8,23,2,34
4161,11,13,11,11,13,1,19,29,10,12,5,33
3532,13,25,8,3,11,7,5,19,21,8,4,38
499,15,25,19,6,5,10,4,23,26,7,2,25
4642,4,3,6,17,27,17,1,7,3,13,3,46
4734,12,3,12,6,19,16,1,16,9,4,5,24
3965,30,11,19,1,9,21,5,3,29,5,3,48
4953,13,27,27,7,25,18,5,1,4,11,6,38
3388,6,30,9,7,4,19,29,19,5,3,3,43
1142,3,13,21,27,1,29,10,11,13,25,4,43
324,11,17,23,18,29,21,1,7,5,17,3,45
1230,13,17,23,21,13,13,17,16,23,5,4,42
1436,29,1,16,29,22,11,16,10,3,25,8,34
4851,1,5,9,13,5,7,11,3,15,7,2,51
4610,24,23,14,2,5,17,27,5,15,25,5,45
2416,7,23,13,1,18,13,6,27,15,25,6,41
1906,27,3,8,27,29,3,4,20,9,6,4,25
4324,13,7,29,23,15,15,3,2,16,7,7,37
3063,9,17,7,19,23,3,1,6,7,22,8,37
1779,10,26,5,15,6,7,27,21,3,6,2,33
598,15,3,7,23,19,13,3,11,21,9,2,47
1661,13,27,6,14,1,29,7,7,4,23,5,37
4508,27,1,21,19,4,9,5,26,6,9,5,31
1942,14,27,20,22,9,11,6,15,1,3,4,38
1737,7,4,8,3,19,13,3,1,5,23,5,47
3618,15,13,13,24,1,11,11,27,29,9,2,44
2998,14,27,1,5,29,15,7,22,4,3,6,36
4983,7,6,18,10,9,7,29,1,21,5,5,44
2756,21,7,9,29,27,29,19,16,17,23,6,44
4351,19,13,27,3,7,4,7,14,15,14,3,27
1126,8,17,1,25,11,3,23,25,29,4,4,40
554,17,5,15,5,16,1,11,5,4,16,3,27
3515,9,7,25,23,23,4,19,29,17,6,4,35
242,19,7,18,30,6,1,11,17,25,16,2,29
3989,27,10,5,11,9,9,13,1,11,3,8,52
1826,23,6,7,11,14,29,11,15,27,19,2,42
2123,19,5,9,12,22,17,3,7,4,25,4,34
1568,13,12,11,1,27,25,7,8,9,19,3,40
1042,6,9,25,27,13,7,7,12,4,1,6,36
4941,9,13,1,19,11,25,16,9,8,13,5,36
4206,21,12,4,15,23,29,3,1,30,23,4,38
2362,5,7,4,6,26,15,15,9,29,3,7,43
4899,24,9,27,17,20,29,7,1,25,14,2,34
3122,5,25,9,30,13,16,11,22,8,8,8,21
2882,11,21,23,13,16,18,15,11,27,6,6,33
2710,1,2,23,7,22,3,17,18,13,23,4,41
3123,24,26,15,9,1,5,3,28,21,8,4,32
2441,8,25,30,6,11,27,18,13,4,13,4,30
4152,16,25,5,29,18,12,17,1,14,16,6,25
3800,7,25,24,5,11,23,18,1,21,9,4,41
3321,29,3,13,20,10,27,25,9,8,18,2,23
4523,27,15,25,13,25,3,16,27,5,23,6,45
91,7,17,11,1,21,4,3,9,29,10,4,35
265,5,25,9,7,7,11,22,19,13,29,7,46
1135,21,7,30,14,17,11,15,15,25,27,5,45
4620,27,11,14,17,19,1,13,7,16,15,3,38
1817,15,9,5,9,7,1,27,19,11,2,5,41
917,19,11,3,15,4,6,19,8,16,15,4,25
27,13,29,1,14,27,13,4,3,20,23,4,32
1783,6,5,17,13,1,4,27,25,7,19,3,43
865,7,1,4,9,14,11,19,11,10,3,5,36
4033,18,17,19,3,21,27,25,4,1,18,7,36
809,2,27,1,5,14,14,21,4,5,8,2,22
2378,8,21,17,25,22,27,30,30,25,16,2,21
4707,15,7,23,7,3,12,8,25,12,21,4,30
2668,10,7,3,6,1,16,30,12,14,4,2,9
3476,13,29,2,13,6,3,5,19,15,3,5,44
2630,24,8,6,23,19,4,19,5,7,1,2,39
300,3,27,13,25,19,22,9,10,1,13,4,37
1505,21,14,3,21,3,13,5,4,3,9,6,43
3381,1,5,13,21,5,23,10,23,24,17,4,39
4563,19,9,11,7,17,6,3,27,17,21,4,44
4822,7,17,13,29,21,27,10,7,27,24,4,34
2764,26,8,7,20,17,17,5,21,19,3,2,43
1395,7,21,1,2,3,11,30,5,11,14,2,29
803,7,9,2,19,4,17,9,27,29,5,4,43
4688,6,19,21,21,8,1,5,10,9,13,5,39
3396,29,15,17,9,8,3,15,5,3,11,2,43
2339,15,28,18,27,24,17,6,14,15,10,4,20
3785,25,17,7,29,29,10,28,17,4,26,4,21
1401,5,27,1,3,9,17,3,22,10,15,4,34
668,5,19,13,17,12,11,4,21,7,16,4,30
4367,1,3,13,28,19,15,27,29,26,21,4,42
3948,19,29,9,5,1,23,9,15,17,15,2,47
234,25,21,9,9,3,14,17,19,25,9,4,44
4714,6,28,25,4,5,9,3,11,5,19,5,46
1631,7,5,3,23,14,19,9,23,9,13,3,44
2183,14,5,1,9,16,12,21,17,9,9,7,43
1666,7,25,6,14,5,9,8,4,5,11,4,31
2523,1,17,13,23,6,17,8,27,13,10,4,34
4011,29,8,23,5,13,6,5,8,1,12,3,26
4977,17,11,11,9,9,1,23,30,18,8,8,29
3777,6,15,12,16,1,16,21,9,24,11,5,32
456,29,9,10,19,4,9,16,19,13,3,5,38
3986,16,11,7,21,14,21,29,13,1,14,4,36
1889,23,19,23,24,21,8,29,26,13,11,4,34
2572,8,11,11,3,17,17,18,18,5,13,4,36
2342,1,3,19,17,11,9,10,19,7,12,3,37
3880,4,11,13,7,3,3,15,1,13,11,4,49
1831,7,3,3,21,5,4,25,9,12,29,6,38
3796,29,26,9,4,11,19,12,25,5,22,8,34
2470,15,19,7,29,25,4,7,21,9,13,4,44
1290,17,1,9,3,5,13,19,24,17,9,3,41
1772,29,21,13,29,23,29,17,12,7,2,3,32
1210,1,17,17,9,6,30,13,6,18,11,5,30
1035,13,1,2,7,7,6,5,14,26,24,4,18
4839,13,3,7,12,13,11,11,19,10,5,7,41
906,23,29,21,3,13,9,5,10,10,30,3,24
4036,1,11,14,13,19,12,30,7,20,11,4,32
1243,18,1,14,25,7,27,13,5,28,4,3,29
2817,1,25,2,3,7,18,7,25,4,9,4,38
2752,30,9,13,27,17,10,6,5,18,27,4,30
1202,17,12,25,7,3,5,20,23,9,7,3,41
3444,21,7,29,9,24,16,5,27,7,3,6,42
303,10,6,27,7,1,25,12,23,23,9,3,41
1927,7,21,15,17,9,1,21,27,15,19,3,48
2200,1,5,28,5,3,8,7,9,16,7,3,37
4137,1,21,14,27,2,20,3,13,18,7,7,37
1853,3,9,23,9,25,26,15,15,3,21,4,44
1251,10,10,8,23,9,9,7,7,13,15,4,46
3209,18,8,15,13,19,5,9,10,27,1,6,43
1423,2,15,3,11,9,5,16,25,1,24,3,33
464,15,1,14,29,7,21,12,3,30,9,5,34
4978,13,3,5,5,13,23,16,20,4,1,4,28
1150,8,17,2,7,1,3,13,30,5,19,4,40
2667,26,30,13,1,14,4,3,11,27,14,3,29
1333,17,5,17,1,13,5,5,15,8,21,4,41
1717,5,5,19,7,21,27,9,1,6,10,5,33
2408,7,3,17,14,5,5,25,15,1,2,2,35
4554,22,23,16,12,13,25,7,11,9,1,6,46
579,5,24,11,15,17,15,3,8,27,21,7,44
68,27,26,24,18,7,16,10,21,12,15,7,27
2909,25,29,14,2,16,17,3,27,12,13,8,36
3259,29,25,1,21,15,3,10,19,6,9,4,35
4190,11,27,3,13,2,6,19,3,5,29,3,39
2858,27,23,19,19,27,9,7,6,10,13,2,32
2259,1,3,10,17,13,16,13,27,11,7,4,46
4169,22,15,13,25,19,11,25,20,5,5,5,43
2373,1,19,27,25,24,8,3,19,27,17,3,43
3679,8,6,24,11,14,4,10,16,18,8,2,5
1612,1,15,17,13,10,9,7,15,16,29,4,41
1736,10,5,25,15,17,7,7,15,18,19,3,40
2129,5,11,17,15,19,2,8,20,28,4,5,15
319,5,23,12,21,25,8,11,6,9,15,5,36
4469,6,21,23,7,15,6,27,28,1,7,4,37
3781,18,4,6,9,1,23,7,12,9,17,4,39
1905,1,17,23,12,25,29,24,27,15,27,3,43
3310,1,10,19,13,3,3,21,17,4,16,8,39
1049,11,3,9,21,6,18,7,4,7,8,3,23
3884,18,7,16,27,23,1,16,20,9,25,4,34
3919,6,23,11,9,5,1,13,25,4,15,4,41
4968,29,25,13,13,14,24,29,19,9,8,3,30
3051,29,25,13,13,13,1,21,19,29,17,7,52
4898,15,14,10,5,19,7,1,25,21,3,4,46
4533,25,23,10,2,8,3,16,9,27,30,4,25
1268,17,12,14,29,29,16,29,10,4,2,8,21
4910,22,17,3,16,17,21,19,23,15,6,3,36
4867,6,13,1,7,23,25,24,22,29,29,5,37
326,9,11,29,8,13,10,24,27,6,13,4,27
3067,17,4,3,27,19,10,29,1,9,21,5,44
2670,9,13,17,7,14,21,15,3,13,14,2,34
1727,29,7,28,23,18,29,7,9,15,27,5,44
4854,18,3,27,2,5,23,27,6,13,21,6,41
2996,24,9,11,19,10,6,15,29,27,7,6,42
322,25,17,18,6,15,19,22,23,12,21,4,30
2559,9,24,3,6,17,1,17,11,5,21,5,46
1543,6,27,25,17,23,6,23,23,19,9,2,42
4247,4,7,15,11,13,19,3,13,10,25,4,41
693,4,10,23,23,19,11,1,11,7,9,5,49
4387,7,11,8,29,23,20,1,8,17,9,2,33
506,13,7,1,14,5,9,5,15,15,19,7,49
3370,7,1,4,10,21,13,7,26,4,5,2,27
1935,10,29,21,21,9,23,8,5,3,15,5,44
1090,28,19,9,1,16,30,22,29,11,10,7,28
4032,15,6,19,3,16,5,9,17,19,6,4,35
216,14,15,25,28,3,17,10,21,7,18,7,34
1681,11,9,9,19,30,29,27,7,12,11,5,38
3018,23,3,21,29,5,21,4,17,25,17,4,43
4957,20,1,19,4,17,23,27,21,17,29,4,46
4244,15,15,20,7,7,15,9,3,25,17,3,46
4586,26,15,18,4,22,1,29,5,19,17,4,40
336,27,1,25,13,16,4,3,27,25,3,4,40
4690,13,21,10,1,15,10,23,17,2,12,4,25
1353,5,1,10,19,3,8,18,24,4,13,8,25
933,1,23,9,5,26,10,9,8,14,16,6,22
4903,18,15,23,1,21,24,26,25,17,19,3,37
145,7,19,9,23,13,16,9,10,5,19,2,35
3543,1,23,5,12,25,13,17,19,28,3,4,42
4356,19,19,27,10,7,4,15,22,16,19,2,24
4771,8,1,19,7,11,15,9,13,17,9,3,48
1626,17,25,25,15,12,7,1,4,8,21,7,33
1448,27,23,12,17,29,15,7,3,13,8,4,38
4252,6,13,21,10,20,10,27,1,17,10,5,29
4937,16,19,1,17,13,6,23,4,16,6,4,20
1115,11,29,4,6,23,17,30,1,15,9,5,39
3098,26,10,8,5,19,21,27,17,17,14,4,37
4129,16,22,12,20,9,11,6,27,3,17,5,38
299,11,13,7,5,15,1,17,2,11,25,3,41
4388,13,1,19,26,23,7,8,25,18,29,4,32
2838,17,19,23,4,7,14,5,15,27,25,2,39
1476,3,17,1,2,3,21,16,8,8,22,2,14
3309,5,8,5,25,17,9,13,14,22,7,6,35
2778,19,7,11,21,1,7,10,14,13,18,7,30
2370,6,17,3,16,1,8,8,23,21,5,3,34
4552,8,7,19,18,6,15,7,3,15,4,2,31
1554,5,29,26,9,7,7,28,1,22,27,4,33
2015,8,17,13,10,17,19,9,25,15,5,7,49
3290,15,1,13,7,13,5,24,16,11,16,7,30
2436,16,18,12,11,17,28,21,7,23,4,3,31
1519,23,5,7,4,17,21,1,27,28,19,2,36
505,6,5,10,7,4,7,5,3,17,13,2,41
1307,19,25,23,10,17,29,9,6,9,1,6,41
1983,10,9,5,7,14,11,27,15,25,2,3,35
204,21,27,15,16,18,7,12,7,8,28,5,20
1160,29,11,17,24,1,6,4,25,5,27,2,33
1442,5,9,5,15,5,4,1,14,23,13,4,37
4231,25,23,27,19,9,6,5,8,30,23,4,29
3502,25,23,27,1,24,21,15,3,13,5,5,46
2067,21,21,7,23,4,24,10,17,11,4,5,26
2514,1,19,6,23,6,4,15,4,3,5,7,38
75,17,17,6,1,9,18,18,14,3,22,4,20
1845,18,5,7,8,23,17,19,6,9,11,3,38
198,25,28,19,11,25,1,23,17,16,3,7,43
1483,26,13,8,22,13,30,5,1,6,19,2,29
508,12,13,17,16,7,9,15,6,16,7,2,29
4797,4,11,1,9,15,20,3,17,14,15,6,38
3294,3,1,25,15,21,27,8,15,23,17,5,44
1492,1,14,27,14,29,6,12,23,12,11,4,30
1512,16,18,15,23,17,29,1,15,3,23,5,49
3329,1,15,19,17,9,17,11,11,15,8,3,43
4361,9,5,17,27,11,23,8,7,15,28,4,34
3418,3,12,20,15,19,1,3,5,13,15,5,47
476,17,18,26,11,4,12,17,30,25,7,3,29
3366,6,5,16,3,10,18,30,22,1,3,4,25
3744,19,17,7,13,25,22,4,3,23,1,2,36
2528,17,9,17,6,4,28,21,25,15,14,6,30
972,28,7,7,11,5,11,9,15,21,15,5,50
3807,4,10,16,15,25,11,10,13,1,8,3,30
459,21,11,1,8,5,19,14,13,18,10,4,23
1682,1,13,28,29,21,5,7,11,23,13,2,49
3503,23,17,1,16,17,8,21,5,12,3,3,32
3595,7,5,1,19,7,11,23,9,5,3,8,53
4579,30,4,14,19,6,6,13,27,15,26,2,26
4371,17,7,3,9,16,1,16,6,25,3,3,31
2430,15,7,12,3,1,6,19,19,21,21,4,42
3626,14,4,21,3,3,7,10,12,15,9,5,36
3286,23,15,25,5,3,29,7,18,11,3,4,42
798,15,12,9,8,3,3,3,23,21,17,5,46
3512,5,27,1,17,8,10,29,12,26,18,3,15
2500,5,6,1,19,11,3,29,15,10,25,2,38
3033,17,23,16,13,1,6,25,21,14,24,8,29
1260,13,26,1,27,3,15,25,27,9,3,3,47
4191,1,11,13,19,25,5,9,7,6,8,2,34
1571,28,19,14,5,6,29,23,7,19,10,5,35
229,16,1,25,9,26,8,16,29,18,17,4,26
1949,11,19,13,8,6,3,4,29,8,17,4,28
285,21,3,27,9,11,26,14,12,13,19,6,33
2147,21,29,18,5,9,12,7,6,13,23,4,35
1996,15,15,14,9,5,5,23,1,27,21,4,47
584,27,7,3,24,23,25,9,26,5,7,3,38
2311,3,13,21,1,5,16,6,23,3,5,4,38
1386,5,10,23,7,24,21,15,8,11,1,4,37
626,11,11,29,10,27,27,5,6,13,1,4,39
4204,9,15,3,10,4,9,5,15,23,13,6,44
1131,9,23,5,21,29,2,13,4,21,17,7,40
4879,23,21,7,29,18,3,3,15,25,1,6,47
1882,23,19,16,5,14,17,1,3,7,29,3,42
918,1,5,9,16,25,14,12,17,25,29,4,39
4336,25,10,15,8,9,1,15,21,29,11,5,46
3528,3,10,16,27,15,1,9,5,4,18,7,32
764,3,15,5,1,9,11,16,13,3,23,6,45
278,17,15,24,30,21,20,17,4,8,10,3,14
4582,1,7,19,11,4,13,23,17,15,6,2,38
2513,5,12,15,23,12,1,5,4,13,19,2,35
483,24,27,19,13,14,29,29,27,3,3,5,46
3179,1,29,25,11,13,4,7,15,6,12,4,31
233,27,15,28,5,14,1,9,29,7,17,3,42
4259,17,15,18,23,3,25,19,25,26,28,4,30
851,6,1,23,9,15,27,12,27,13,21,3,42
957,6,12,9,14,7,8,17,16,23,10,4,24
3164,25,17,4,14,28,9,4,13,7,3,4,34
0,17,13,5,25,11,23,20,24,5,10,4,27
2301,1,15,3,13,4,3,8,25,14,19,4,35
2927,25,7,29,6,1,5,27,3,15,7,6,48
3121,15,21,25,6,6,19,17,2,10,4,8,22
632,11,21,10,5,9,27,9,25,16,11,4,39
2836,1,26,10,8,8,26,11,7,27,18,3,28
860,18,10,21,23,7,3,17,5,17,17,6,50
1746,23,18,19,7,3,7,11,14,9,17,6,43
2529,20,1,30,5,29,6,17,12,14,4,4,18
4081,14,6,17,14,1,7,4,27,25,5,3,38
1143,27,5,19,19,7,3,5,29,8,17,4,41
4869,19,7,29,5,6,9,7,1,19,13,5,46
971,3,6,3,7,10,13,15,6,8,14,6,22
2661,6,5,14,24,3,1,13,29,3,3,5,45
2925,29,2,8,1,3,7,4,25,5,26,4,31
1197,3,15,9,21,9,13,1,8,27,5,4,42
4855,19,19,1,8,3,12,27,11,12,18,3,23
1196,21,10,9,5,29,12,10,1,4,25,4,29
2330,29,7,9,8,28,18,9,9,15,27,5,38
2699,19,25,9,10,27,10,20,3,20,4,4,18
2403,15,29,23,1,27,3,25,15,4,27,4,41
3732,3,12,1,21,16,23,9,21,17,10,2,33
3658,15,11,8,24,5,1,26,14,2,21,5,24
69,3,8,29,23,20,9,23,21,7,18,4,35
2625,11,13,12,13,21,15,16,17,14,3,3,32
1639,26,1,27,3,11,6,27,10,25,17,2,35
3438,15,21,3,15,3,7,7,1,18,13,2,39
4090,3,4,5,15,25,7,5,19,6,4,4,31
2417,16,15,16,19,16,25,4,9,7,16,7,31
4039,25,2,1,10,23,13,25,19,6,17,5,38
1636,28,24,13,7,23,13,23,5,7,8,4,39
562,27,10,5,1,16,20,15,25,11,4,5,31
1206,11,14,11,12,15,8,6,5,4,9,3,25
929,7,22,20,13,6,1,19,17,21,17,3,41
4160,21,29,21,12,25,6,4,25,29,7,3,34
2537,29,19,29,10,15,28,25,23,5,15,2,39
4410,29,13,9,8,1,5,3,19,5,10,6,39
2775,3,13,19,3,21,13,20,1,15,26,6,36
2135,11,14,9,3,5,25,13,3,10,22,4,31
2057,13,4,23,6,1,18,8,18,11,12,4,18
3791,19,14,12,11,3,8,9,6,7,5,5,35
4416,10,15,11,7,14,15,28,17,27,8,8,34
2932,17,1,23,14,10,25,15,5,5,27,3,41
3787,5,7,1,18,6,23,9,17,5,11,4,42
2412,4,24,13,7,6,1,27,5,19,22,3,34
327,15,6,25,12,11,1,7,20,29,6,4,29
1684,17,1,9,21,4,24,5,25,21,9,2,38
4123,14,16,8,3,3,23,7,22,16,6,4,22
2969,24,9,1,3,27,17,11,15,24,30,3,31
2782,25,11,5,9,24,29,4,1,29,13,8,43
1564,19,9,22,17,3,23,3,13,24,25,4,39
3304,19,11,23,17,7,19,13,23,13,27,3,48
4483,27,5,16,23,21,15,7,18,17,1,6,42
4655,11,7,29,17,9,25,1,13,9,13,5,50
2230,8,13,9,3,1,29,24,16,7,5,2,34
2245,10,17,3,28,29,5,19,23,13,23,7,49
513,20,19,18,1,6,27,7,4,6,7,3,27
223,19,3,7,14,7,25,10,15,17,1,6,42
4437,21,15,19,20,29,28,5,23,17,18,2,30
3327,12,10,6,19,30,5,11,20,24,11,2,25
2066,7,3,17,21,25,16,20,18,19,15,2,29
4738,8,26,22,22,29,11,21,3,13,2,6,36
2634,19,15,16,27,18,1,8,15,25,27,6,39
518,9,7,7,6,17,15,1,5,12,14,4,29
3745,9,23,13,28,15,1,17,19,7,21,3,45
527,6,13,1,16,25,7,22,5,19,8,4,31
4035,3,4,17,14,15,15,19,2,15,19,5,39
3097,23,25,5,19,13,13,24,3,8,29,2,33
116,24,24,7,25,9,22,13,11,18,5,4,35
602,5,3,25,1,12,13,9,5,19,26,4,36
4015,1,29,15,15,22,5,24,5,16,30,2,24
2131,13,25,14,23,27,11,5,18,11,16,3,30
4897,1,11,8,5,19,9,3,5,23,27,3,50
2063,13,4,27,3,15,11,4,5,7,10,3,32
3323,9,1,25,10,9,3,6,6,4,11,5,26
1794,30,10,17,5,3,9,6,13,13,4,4,33
908,29,28,20,5,3,1,12,29,29,24,4,31
2461,2,11,14,1,5,23,3,21,7,5,3,46
919,21,30,12,6,13,1,25,9,8,27,3,34
4171,18,10,25,1,25,21,3,5,6,7,2,38
2080,1,10,28,7,17,6,3,29,4,21,3,36
970,30,9,12,3,29,1,25,21,10,11,3,38
968,2,7,21,4,15,19,25,17,8,18,5,30
987,27,14,18,8,23,5,13,11,20,11,4,35
984,2,21,13,29,5,25,26,4,11,1,5,37
396,23,2,22,15,9,29,7,11,26,7,3,37
2443,10,8,27,22,27,17,13,19,20,17,6,39
373,19,4,2,14,21,7,27,11,27,5,5,44
451,11,1,16,7,19,9,15,5,13,3,3,46
2329,24,17,15,7,3,15,29,3,5,5,4,49
2991,1,3,29,29,16,4,13,29,9,26,7,38
1907,11,3,30,11,9,5,1,12,4,12,2,21
1960,15,2,1,8,21,9,5,25,8,13,5,38
2173,11,21,21,15,9,11,22,27,27,19,4,43
2849,7,29,5,10,11,9,29,29,27,23,5,47
769,29,14,21,11,1,5,4,18,24,12,4,18
3632,21,9,9,23,1,29,11,5,19,8,5,41
4921,22,21,21,1,3,29,11,15,29,7,5,50
3852,12,3,27,8,10,6,13,26,17,13,5,31
2901,29,15,1,27,7,20,9,23,27,13,2,42
3590,25,19,9,12,19,23,28,15,23,29,5,41
272,14,11,22,23,10,9,8,1,13,7,6,39
3115,26,28,1,10,4,4,7,27,13,13,5,37
2375,25,3,11,9,30,17,21,13,26,24,4,28
3551,3,27,17,7,27,25,6,5,4,7,4,35
1605,1,3,4,9,9,19,17,5,19,21,2,49
1330,28,26,22,17,2,7,29,17,3,19,4,42
469,28,9,26,27,24,8,13,30,5,9,6,33
2773,4,21,10,9,14,23,26,12,29,13,2,28
246,16,8,10,14,18,9,27,4,15,13,6,34
2787,13,11,17,19,13,6,15,10,9,5,4,37
1777,9,29,17,10,18,3,5,3,5,23,2,40
833,1,15,9,7,25,15,17,8,25,3,2,44
3116,1,12,18,8,9,5,13,5,7,6,4,38
2920,25,16,9,28,29,9,2,7,5,19,4,39
2128,13,3,29,1,13,16,27,19,4,29,3,35
3797,6,13,1,27,4,19,5,26,14,27,4,30
1086,8,1,19,12,15,30,23,23,13,6,5,33
1277,16,18,21,1,26,15,30,8,13,11,5,32
160,13,10,6,4,6,23,5,11,3,4,2,28
4888,2,10,3,5,11,18,13,6,8,13,3,27
2176,11,21,25,3,7,23,9,6,29,9,4,42
1795,8,25,14,16,29,11,27,13,27,1,4,44
3427,17,29,9,21,19,10,22,1,3,13,4,38
3574,17,22,19,21,9,19,27,2,26,27,4,33
902,11,15,10,7,23,30,1,6,14,12,3,17
3506,3,25,2,11,7,15,19,10,7,23,2,38
3984,15,16,20,9,1,28,29,27,3,14,3,31
2447,17,12,25,9,15,9,11,1,25,24,4,39
3659,25,15,14,3,21,19,13,13,21,5,7,50
1371,26,3,29,17,14,1,16,10,19,4,4,23
3193,17,5,11,28,7,1,18,14,13,19,3,32
4436,23,5,23,27,3,23,15,6,28,1,3,33
592,13,3,6,29,10,29,5,25,17,14,5,35
2749,11,7,17,1,13,7,9,3,13,19,7,52
4969,27,25,9,29,12,23,7,28,7,22,3,28
898,9,1,9,23,13,29,25,17,12,7,4,41
2357,14,7,3,19,13,18,23,21,5,15,5,45
2681,27,21,23,15,17,11,22,4,23,15,5,37
2854,23,6,15,21,2,8,11,25,5,11,3,38
3712,3,27,25,15,1,10,17,6,10,17,5,30
4932,14,7,17,19,23,19,29,29,13,27,3,48
4136,11,16,4,14,19,6,26,4,15,10,2,14
4996,27,21,8,7,9,17,25,28,19,16,2,29
3044,1,15,16,5,7,12,17,27,19,6,5,38
2472,13,27,13,13,29,1,7,22,19,25,6,44
449,7,1,29,5,8,16,17,5,11,23,3,39
3894,10,9,30,9,19,13,11,19,23,29,6,49
1089,19,15,25,18,14,27,5,1,29,25,3,41
2519,2,28,24,25,23,22,1,4,16,7,8,30
3090,20,25,15,12,1,23,10,2,6,7,4,25
4784,5,1,12,16,7,17,23,25,9,23,3,43
1939,19,29,11,7,8,1,6,13,15,7,4,39
1864,21,1,12,23,16,11,4,5,6,17,6,31
4360,23,16,6,19,29,1,17,17,11,10,2,35
3266,19,3,25,27,5,23,16,7,11,13,4,43
617,25,3,4,1,7,4,30,5,15,13,6,38
4240,7,11,22,11,5,25,24,19,13,5,7,44
40,9,25,25,4,23,11,9,17,4,5,6,40
1638,1,11,13,25,15,10,17,20,10,15,2,31
3731,12,14,25,16,10,3,17,5,5,18,3,31
3359,21,20,15,7,27,13,1,27,15,9,4,48
493,6,4,13,30,5,1,15,12,4,25,3,29
2241,19,7,6,27,9,25,18,11,3,11,4,41
208,1,5,29,3,23,5,12,13,16,20,4,30
4245,15,23,19,2,1,11,3,24,14,5,3,30
3587,3,16,7,20,19,25,17,24,9,19,3,37
2271,15,8,9,24,22,3,16,7,7,19,2,33
3593,14,27,3,6,23,11,28,25,10,27,3,31
4648,5,15,4,30,11,9,9,28,17,7,5,38
3630,19,20,17,1,25,25,23,15,23,11,3,47
176,17,7,23,16,6,12,3,16,29,5,6,32
4799,1,27,18,21,25,14,9,8,19,23,2,37
985,14,21,10,28,22,1,5,7,10,16,3,22
2576,3,13,7,26,18,17,4,8,27,19,4,29
3661,2,29,21,24,16,5,4,15,25,1,4,36
4383,16,1,26,19,19,13,6,3,25,25,8,45
793,30,9,5,1,3,5,5,25,29,29,6,51
2421,21,13,7,21,11,7,6,15,12,30,2,24
3085,17,23,3,1,7,3,17,29,11,19,7,52
2456,19,15,3,25,9,10,25,14,16,9,8,33
3380,13,9,19,23,14,25,5,16,3,14,2,27
2916,11,21,5,17,16,21,1,14,24,25,5,31
3083,1,4,17,14,11,21,15,3,9,7,2,47
2923,17,7,19,26,15,28,4,3,23,1,5,36
4914,13,18,14,21,1,19,3,6,5,17,5,40
4145,29,7,25,1,6,25,21,12,6,29,4,30
2941,29,14,25,30,11,13,1,4,13,23,5,39
2570,1,8,17,10,21,21,10,17,15,29,5,44
2169,1,4,10,27,23,23,3,26,19,7,3,42
1561,7,1,3,5,8,16,15,9,20,30,5,24
389,17,29,1,12,4,29,13,23,15,11,4,42
4463,11,10,1,13,6,7,28,4,27,29,5,32
3667,8,1,4,13,26,3,9,16,9,29,3,35
2313,9,7,13,29,29,14,7,6,19,3,3,36
2309,5,18,19,29,8,4,1,4,10,23,5,25
3274,9,19,26,28,17,21,3,3,9,20,5,36
581,14,22,5,27,15,13,3,4,16,5,4,33
2479,18,8,6,19,7,21,15,1,23,3,3,45
2938,11,17,4,29,6,25,28,9,23,29,5,38
3804,18,24,10,19,19,6,27,12,14,27,7,29
2481,3,29,7,13,19,1,10,23,8,7,4,35
3175,25,3,21,23,7,15,6,7,9,1,2,41
4711,16,18,5,4,15,23,1,3,9,15,5,46
1898,15,6,5,11,14,8,13,8,1,4,7,26
206,10,7,1,4,21,4,23,9,13,5,2,39
4927,21,21,17,19,3,7,1,2,24,7,2,32
2918,13,8,11,27,6,5,7,3,27,18,3,34
821,12,7,15,15,13,9,17,14,9,28,6,35
4683,29,14,27,15,25,4,14,5,7,5,7,40
1256,1,5,23,24,11,3,13,16,7,3,4,43
217,3,13,13,15,25,5,16,3,27,15,5,44
611,18,23,4,10,15,22,25,7,17,21,4,39
1117,1,4,6,5,12,3,12,6,15,19,4,33
915,1,18,11,21,28,27,14,8,27,29,4,35
2431,14,27,23,3,21,19,15,30,3,17,4,42
905,3,14,25,27,25,5,27,29,19,7,2,46
4411,11,19,27,21,10,19,3,25,5,3,2,43
200,9,15,23,15,26,1,6,19,15,27,2,37
4499,3,27,1,15,5,25,2,21,20,8,2,24
3422,16,12,20,4,21,21,7,7,20,2,2,24
4018,4,19,23,21,23,5,13,20,7,9,3,41
1959,16,9,29,9,26,19,26,17,25,9,7,42
2061,3,25,8,21,14,11,15,29,17,9,2,41
3002,6,16,15,30,1,16,19,5,10,9,3,31
4218,19,9,16,3,5,22,14,17,9,17,2,34
2358,9,15,29,16,19,3,7,5,19,11,5,47
2019,29,8,6,25,27,14,6,9,10,29,6,29
735,7,23,21,8,8,9,3,27,26,9,4,34
2851,19,21,14,3,11,6,7,5,4,8,2,23
2551,1,8,19,11,17,23,13,3,16,10,4,35
3998,7,7,11,11,7,25,15,5,8,19,2,39
4257,8,26,16,6,4,10,1,13,13,18,7,28
4787,7,10,6,25,13,6,25,1,19,30,5,33
2552,17,11,25,20,15,16,15,6,1,21,4,34
2254,4,14,21,15,15,17,15,19,3,20,3,38
3446,14,23,25,13,15,19,17,6,14,8,4,25
3857,3,22,18,27,5,27,17,15,2,21,4,38
1553,17,15,5,26,25,8,12,14,24,9,4,20
1477,1,15,24,10,27,11,2,30,5,3,8,39
4840,6,7,5,23,5,11,1,13,3,19,6,51
3877,13,15,16,1,29,18,11,6,19,2,4,26
947,10,25,29,27,23,9,5,13,1,15,6,51
2571,5,15,8,3,15,8,25,7,1,16,7,36
2393,7,5,29,23,1,26,13,8,21,9,2,35
1170,6,5,10,15,11,18,12,26,13,15,3,28
3867,16,4,6,23,16,8,21,9,29,2,4,28
4195,11,23,5,8,1,7,4,25,5,9,4,40
878,3,13,5,15,13,27,1,23,6,28,8,36
1215,29,5,27,25,3,5,3,16,10,17,3,33
3754,27,11,26,5,2,5,19,7,19,12,7,37
1315,11,2,17,10,13,17,3,7,1,12,4,36
4501,15,16,9,25,21,1,22,7,21,8,3,32
1487,1,23,20,17,25,8,3,11,10,25,6,40
2902,1,10,9,23,5,17,8,10,25,21,2,37
3818,25,15,7,2,12,29,11,11,17,15,5,43
3165,9,29,10,11,6,25,27,9,4,8,3,25
1950,7,1,17,11,19,7,13,10,19,17,3,41
1545,25,11,8,10,10,9,9,27,15,2,4,31
66,1,21,25,13,9,25,15,17,8,16,8,40
2548,29,5,23,23,9,17,10,25,21,1,2,41
2208,25,1,2,30,6,27,15,23,21,11,7,43
4752,12,6,14,18,6,10,7,3,9,12,4,25
1157,6,16,1,13,29,11,10,3,14,9,3,33
2607,17,5,26,29,12,27,6,16,12,8,2,11
1071,29,21,27,23,9,8,14,24,27,25,4,31
4216,3,3,7,15,21,29,6,5,1,23,4,43
1393,5,19,10,27,27,3,11,18,3,11,4,40
1881,16,15,4,23,13,7,9,20,18,10,4,23
4692,8,29,18,9,1,15,25,4,3,29,4,40
4153,11,1,29,4,19,23,21,30,3,8,4,30
4435,17,23,3,11,15,14,1,5,5,29,4,44
2919,27,5,27,16,3,5,23,22,3,11,5,40
1095,7,7,1,15,8,12,23,10,5,29,7,36
1862,9,5,1,13,12,7,26,7,11,11,3,38
2476,23,17,4,27,5,1,9,25,21,5,4,47
892,1,7,5,11,20,27,19,3,10,29,4,41
4668,8,6,17,1,23,10,14,19,17,9,5,38
4358,5,16,9,1,13,16,19,12,14,8,4,19
2414,13,29,3,1,23,17,3,8,28,27,4,34
4548,6,1,9,19,5,19,17,10,5,26,4,33
2504,8,27,7,29,1,12,13,6,25,9,2,35
4496,1,11,12,7,23,22,3,13,23,8,5,38
4719,10,18,23,5,7,1,19,3,8,23,7,43
1063,9,1,27,18,25,30,22,17,29,27,2,33
3530,27,3,16,6,9,5,23,12,7,18,2,26
2525,10,24,29,21,3,7,1,5,8,16,3,30
4311,8,23,1,8,12,3,3,25,16,21,5,35
2573,15,6,17,25,23,9,20,26,18,1,3,26
3074,1,25,17,8,7,3,29,29,10,25,5,43
4258,18,25,17,1,10,8,19,4,13,3,6,35
2467,1,13,11,27,25,22,28,21,5,11,4,42
2332,6,10,5,1,26,29,11,16,13,11,4,37
3013,14,25,1,20,16,3,21,13,15,27,3,41
2439,12,25,23,4,3,6,1,12,7,13,7,37
365,3,17,11,16,17,9,23,23,14,24,2,27
4700,29,3,11,16,4,24,16,3,5,1,4,31
569,9,11,5,15,7,1,3,11,21,27,6,51
1321,1,7,6,6,6,15,13,17,15,7,4,44
2484,7,8,5,6,12,8,3,29,17,18,5,28
4476,6,13,7,7,6,27,25,25,6,22,2,26
4294,3,5,11,23,5,15,11,1,3,20,3,39
362,25,19,21,13,4,5,8,10,5,16,3,22
2225,18,25,4,23,1,17,16,9,2,9,5,34
1074,17,5,26,29,29,23,13,27,3,15,7,50
129,7,14,11,19,15,30,6,24,20,8,7,16
790,19,17,8,11,27,29,27,1,11,13,4,47
3441,13,29,6,19,17,16,25,20,1,23,4,35
3960,6,9,19,16,13,29,2,4,8,23,2,23
547,19,1,11,3,8,3,13,9,8,8,7,31
1120,11,13,6,12,21,17,27,21,25,11,8,48
4125,21,19,1,15,25,5,7,18,29,25,4,42
4916,5,27,7,29,13,15,6,10,27,3,3,35
2072,13,11,29,23,17,9,5,5,26,1,3,40
2474,5,10,9,1,5,3,13,10,18,25,6,35
1105,15,11,2,8,19,7,15,10,14,21,4,29
4612,10,5,11,4,29,1,26,3,15,13,4,40
941,8,28,6,24,24,25,4,17,27,1,4,33
1559,10,25,5,19,11,13,10,17,18,8,8,30
3719,10,28,27,21,7,4,1,4,19,11,4,36
913,1,19,15,3,7,8,27,3,11,10,5,40
2210,5,23,18,18,15,27,9,1,15,3,5,45
2701,11,1,25,7,19,17,7,29,30,7,7,44
3133,29,7,1,9,24,11,15,19,25,16,2,34
1719,8,29,8,7,25,19,11,7,9,11,6,49
926,11,7,17,23,19,14,19,5,2,13,6,38
3802,12,21,9,25,27,17,5,6,25,7,3,41
3709,10,23,11,23,15,17,1,13,3,27,5,50
4498,10,16,18,17,6,9,17,29,5,19,4,42
3402,22,1,8,11,30,3,13,8,5,4,3,26
2501,1,24,23,10,25,17,21,6,7,7,6,44
4770,4,19,12,28,10,19,29,20,9,5,4,33
877,16,20,5,3,7,9,15,13,9,15,5,49
4254,11,13,18,1,21,9,21,11,3,13,7,50
457,22,16,7,5,12,14,23,25,9,13,3,38
4066,27,19,11,2,9,4,1,16,29,23,4,34
4875,7,17,1,15,7,3,19,4,8,13,4,34
4621,25,1,7,8,13,15,5,17,14,21,4,38
4990,15,19,23,5,25,15,11,29,3,7,8,53
1028,6,15,1,8,27,23,27,27,21,7,4,46
2018,29,19,1,8,2,11,7,11,9,29,6,44
2384,22,5,18,8,9,1,6,17,8,14,3,20
1901,30,9,3,28,1,11,5,7,23,21,5,47
387,13,3,27,1,13,17,18,10,9,5,7,39
1852,27,16,9,8,27,6,9,10,15,25,8,37
2350,7,1,5,17,4,10,13,7,9,17,3,39
1813,1,20,13,3,3,24,9,17,7,13,8,51
1900,4,13,9,10,2,30,1,15,4,29,5,30
1156,29,23,4,1,9,6,5,29,3,25,2,40
1824,14,1,13,11,7,13,19,11,27,28,5,41
2539,19,6,12,21,25,19,4,5,10,19,4,32
232,15,19,9,16,25,23,27,15,1,11,3,45
2297,1,18,24,12,7,22,8,29,25,17,3,35
4859,29,17,15,6,14,14,13,21,8,1,2,27
2985,23,11,10,10,4,11,15,19,15,4,3,30
1807,21,1,3,15,25,9,12,17,14,10,7,29
332,5,13,25,23,6,1,4,5,14,27,2,29
4372,15,9,4,7,16,21,16,7,16,8,2,18
3320,3,1,29,5,11,18,19,15,17,14,3,34
1094,7,13,1,17,28,20,3,17,19,5,6,42
2812,15,9,7,14,28,26,9,17,7,1,3,36
2174,19,23,4,29,22,21,14,17,25,6,2,26
4891,18,19,16,5,28,29,7,6,23,13,6,38
2879,13,10,1,17,10,8,7,7,17,8,4,30
3411,10,23,29,9,12,11,15,11,17,16,5,37
1062,9,30,13,23,1,18,9,12,19,18,5,28
2926,1,17,12,3,26,21,17,12,30,20,3,22
301,15,17,7,13,25,18,5,13,22,9,2,34
2848,19,4,6,15,11,5,18,10,17,8,4,24
3132,4,3,15,3,7,3,7,25,10,5,5,42
4213,26,12,9,5,4,7,5,21,11,16,4,35
703,21,18,11,9,25,27,2,15,21,26,3,32
1580,11,21,29,18,6,11,17,23,25,8,5,34
3424,17,18,25,23,1,10,9,11,29,3,4,43
4455,3,5,4,1,19,17,25,26,28,10,5,24
2480,29,1,13,9,15,24,17,22,25,9,4,37
4698,17,6,3,13,17,12,29,23,23,27,3,42
2406,20,6,11,3,27,7,17,5,14,8,4,31
2748,17,25,5,17,24,6,14,28,17,15,3,26
4630,8,7,21,5,19,27,13,18,19,4,4,33
153,3,5,23,13,12,28,23,27,17,19,2,38
85,17,5,10,13,6,8,3,15,22,15,3,29
3786,7,14,5,4,27,19,29,25,25,13,4,45
1083,29,15,16,19,18,17,15,6,10,30,2,17
360,18,30,5,11,4,15,9,1,29,17,4,44
4965,6,14,23,23,19,5,15,12,29,30,7,35
3963,6,7,23,16,5,15,29,4,1,12,5,31
910,15,18,16,15,3,7,25,17,23,22,3,36
2215,11,29,9,5,18,7,13,12,1,20,2,27
3937,18,7,17,21,27,19,1,11,23,23,5,50
3942,5,11,13,1,27,4,20,9,2,29,5,31
1443,3,5,5,5,19,7,23,27,25,19,2,47
3795,8,26,7,1,13,17,9,7,4,27,8,44
414,9,4,19,24,15,14,18,17,1,25,4,34
3955,3,8,3,27,27,1,6,19,11,7,2,40
320,4,8,11,27,7,1,16,28,29,26,5,27
3207,25,4,29,8,11,13,5,10,1,21,6,40
3848,9,23,10,19,1,4,5,13,9,7,3,41
1402,19,19,6,10,11,8,5,29,3,11,4,39
2426,10,13,8,10,7,11,18,9,23,29,3,37
4224,3,1,15,26,27,25,11,19,24,20,7,32
335,21,1,15,10,5,19,15,3,3,21,3,45
3941,15,15,7,25,13,21,8,15,13,1,4,43
1331,5,9,28,3,21,27,3,4,4,29,8,36
801,7,3,27,3,1,25,11,10,9,7,4,42
4934,16,9,4,13,9,30,10,29,15,1,4,36
215,1,7,29,13,17,30,5,3,27,29,2,46
1596,29,29,12,16,27,10,1,15,15,10,4,30
4099,21,29,8,24,5,11,3,17,7,7,5,45
1508,1,27,16,4,3,13,12,7,5,6,4,33
1791,10,10,29,21,27,1,25,15,17,11,5,49
3242,9,1,7,15,6,17,25,11,23,20,4,36
4943,7,11,10,17,5,16,17,27,17,9,4,42
125,15,18,4,26,3,8,10,1,27,4,3,22
404,16,16,27,1,18,4,29,7,29,17,7,42
3681,7,7,5,25,3,4,1,19,4,25,3,35
620,17,9,13,24,2,3,17,29,11,7,7,45
3671,9,21,25,4,23,5,27,16,6,20,2,20
1358,13,15,8,10,11,7,13,12,17,14,3,27
3454,5,21,23,29,7,1,18,5,25,15,7,46
3075,16,15,11,7,5,9,13,11,27,21,3,48
4398,10,15,26,11,25,1,29,11,8,18,6,32
4025,27,23,30,21,27,25,9,1,12,7,3,38
4680,11,16,27,25,5,23,29,1,22,6,4,31
1076,9,10,17,9,23,25,21,11,5,15,4,48
992,17,21,10,11,6,14,5,11,1,25,5,39
3212,27,15,1,13,27,25,15,30,7,14,3,32
531,15,19,23,2,29,18,3,30,13,17,3,33
870,17,18,13,6,10,11,8,5,19,27,8,39
2565,11,9,18,21,2,9,16,3,19,19,3,36
2586,21,27,11,8,19,1,19,8,13,18,4,30
2834,26,26,10,11,25,14,27,17,21,28,6,34
3835,21,3,5,9,3,13,11,25,19,10,4,40
1288,3,17,23,17,25,23,25,8,9,16,3,32
4852,29,21,13,14,3,8,21,26,15,30,3,24
639,10,19,1,5,23,2,13,14,16,27,4,29
2931,7,4,23,13,9,8,18,11,3,17,3,36
134,7,29,9,7,29,1,14,16,11,18,8,31
3827,12,17,3,25,7,18,8,29,1,19,4,38
1914,11,29,3,25,14,24,27,15,9,3,4,40
1918,3,9,25,10,27,20,1,10,27,23,3,33
785,23,18,7,13,5,19,21,9,4,19,8,44
2410,9,5,13,27,11,3,13,7,14,9,3,40
16,15,16,1,7,17,23,4,8,13,9,3,34
920,9,12,3,8,24,11,25,5,3,14,3,31
226,19,25,7,15,7,29,3,1,17,19,2,47
2896,11,6,16,12,16,15,22,27,29,2,5,25
4699,24,10,17,29,11,25,6,7,1,30,7,36
961,17,18,27,28,9,5,17,5,5,18,6,38
2724,29,9,1,11,15,6,17,19,17,21,3,43
4116,7,16,9,7,18,1,3,24,27,17,3,36
4432,27,1,29,15,4,9,7,27,22,7,4,37
4673,7,4,17,4,16,23,9,10,15,12,3,24
3312,5,5,17,15,4,21,30,4,19,23,4,32
3931,1,15,21,13,3,8,25,28,12,4,2,22
2714,6,1,15,13,4,13,25,17,19,21,5,46
4747,9,5,27,29,14,11,7,3,23,13,4,45
1588,8,5,3,15,1,27,8,3,17,27,3,42
2777,6,3,20,25,1,10,5,29,6,10,2,23
1866,7,15,7,6,16,11,21,18,17,29,2,33
1985,23,1,24,21,21,10,11,10,3,7,5,36
1544,22,12,27,15,11,2,29,9,14,8,6,28
1181,18,15,23,9,1,8,27,21,9,10,5,36
4164,28,29,1,8,19,3,9,15,15,13,5,47
4002,13,7,23,21,4,27,11,3,30,22,5,29
1650,8,5,16,5,29,28,7,19,20,9,4,34
2712,8,29,10,1,5,3,23,9,5,14,4,38
3104,3,10,9,16,6,29,15,17,6,5,5,34
342,17,23,10,20,14,19,29,29,3,19,5,41
4316,1,29,18,15,17,9,7,27,13,6,2,40
2070,15,13,11,1,3,8,14,21,7,19,2,36
2438,18,19,9,19,14,1,8,4,17,3,3,31
863,25,1,23,17,13,14,16,2,5,15,6,33
2780,9,29,1,7,25,11,12,24,19,18,2,25
2028,6,5,2,13,24,14,19,3,20,21,2,28
948,13,17,26,5,1,16,7,9,18,19,6,36
2580,11,29,19,5,27,15,4,26,1,29,2,34
367,7,17,16,9,5,9,6,10,30,19,2,24
1685,23,3,11,5,27,5,29,12,28,11,6,36
3870,10,19,15,5,23,13,6,27,9,29,4,43
2232,11,4,1,27,14,21,23,15,9,9,2,42
4915,22,3,4,21,19,15,14,19,1,7,6,43
3335,8,21,7,12,23,10,1,28,16,11,6,28
1027,17,13,29,23,22,25,9,8,23,11,3,37
1891,14,10,14,7,11,10,11,25,15,7,4,41
1732,12,29,6,6,13,21,19,12,15,21,4,37
1134,19,11,3,27,11,17,21,9,16,13,2,39
440,13,29,23,15,29,14,7,15,4,10,5,28
2518,9,13,24,16,15,7,29,17,17,19,5,45
4874,5,16,3,4,12,7,25,7,17,11,4,41
1585,3,10,3,28,24,6,5,7,4,8,4,19
3518,5,17,5,16,23,29,19,17,14,19,3,37
3031,1,11,10,18,4,13,17,7,2,7,6,38
1602,1,4,21,4,3,26,10,5,10,13,2,28
10,29,28,4,3,21,5,18,12,25,15,7,36
3126,6,1,13,29,21,3,7,4,12,9,4,34
1381,17,14,7,15,5,25,1,14,12,23,7,36
4824,21,11,7,1,3,27,23,16,4,9,4,34
4088,9,29,18,1,21,19,29,4,5,27,4,40
4330,15,11,4,13,14,23,15,19,1,29,2,41
218,13,8,17,1,5,2,17,19,8,25,3,34
823,12,13,2,21,30,29,9,5,11,27,3,42
3567,10,1,25,15,9,6,23,21,5,12,3,34
1982,15,11,8,21,11,8,29,29,21,19,4,42
4598,15,23,19,11,8,17,29,10,24,12,8,25
1284,2,1,7,27,23,9,3,12,10,26,5,26
2829,21,4,7,8,2,1,6,11,9,14,7,29
979,3,1,7,5,29,4,11,19,25,14,4,35
4370,5,22,5,24,17,9,15,10,17,21,7,41
846,15,24,13,19,30,6,11,12,7,13,7,35
4205,29,25,11,5,25,17,15,11,19,7,4,49
2950,12,3,3,15,16,18,19,27,6,16,4,23
4725,1,9,8,6,19,25,15,11,29,9,5,49
4062,23,19,17,1,22,12,7,21,5,7,3,39
1359,11,6,23,21,29,4,20,3,12,10,8,24
1997,3,28,12,6,17,30,7,16,19,25,4,31
4368,21,1,19,21,8,18,9,30,25,8,7,27
2160,1,10,13,5,6,17,10,9,15,16,2,31
344,8,10,1,9,5,16,18,10,25,19,7,33
4594,7,6,25,9,3,23,3,5,23,13,5,49
2704,21,2,15,11,14,16,13,23,7,9,5,40
1125,9,13,8,21,9,27,7,27,6,29,2,37
800,18,9,17,5,11,15,3,9,5,16,5,41
4730,16,19,7,1,2,21,25,5,13,28,7,39
1995,25,4,20,11,26,29,30,9,3,1,8,40
1597,1,16,30,29,11,4,3,15,2,9,8,41
2743,9,7,29,14,16,9,7,23,1,19,5,43
43,5,1,4,13,6,5,3,18,9,16,2,25
654,5,27,7,19,2,4,6,29,13,25,6,36
2921,25,1,30,17,17,8,5,9,19,6,4,33
1729,15,3,14,23,5,30,15,3,10,11,3,33
636,25,8,1,13,3,17,7,5,23,11,8,52
2133,18,3,27,9,8,25,23,28,11,25,3,37
1998,19,4,15,17,26,13,23,6,27,11,3,36
3492,9,23,25,4,24,11,27,11,15,18,4,33
1750,16,20,26,15,23,6,19,11,23,1,5,42
589,25,15,11,23,28,4,17,5,15,29,4,40
486,5,7,1,19,7,21,20,16,25,27,8,40
2579,25,9,29,9,15,11,15,1,10,23,2,39
2074,30,17,29,1,6,3,7,13,13,9,3,44
1806,10,5,19,1,12,9,23,15,19,18,2,34
3205,1,14,15,25,7,3,12,9,11,9,5,47
1528,29,27,10,16,11,3,13,7,17,20,6,37
574,27,1,11,20,29,3,25,15,4,14,5,30
1340,8,4,9,14,29,4,17,15,11,25,2,38
2515,19,3,11,3,10,19,8,21,9,13,4,39
1592,4,5,23,5,3,25,11,27,11,14,4,40
3465,9,25,29,27,15,11,7,26,29,6,6,35
128,18,5,22,22,27,21,7,1,20,16,6,29
3913,30,7,6,26,5,14,23,15,9,13,2,37
1295,29,9,8,28,29,28,15,13,6,30,5,23
4736,24,13,28,25,29,14,8,25,7,18,4,27
4551,13,1,4,7,10,27,10,14,7,25,2,28
1670,27,9,1,11,8,9,11,19,23,17,4,45
3092,9,23,6,24,17,27,13,12,7,20,7,31
3187,15,23,3,9,21,14,19,7,26,23,3,35
1706,7,22,5,11,1,4,6,5,8,13,5,30
2304,28,6,2,13,18,5,11,5,16,13,5,35
3855,23,1,10,5,13,17,11,10,7,15,5,41
1216,21,12,14,17,8,6,18,27,28,17,4,23
2788,1,13,9,22,14,27,23,5,23,21,6,48
1252,3,10,9,9,1,5,13,6,12,5,3,32
1109,3,15,8,25,1,7,29,7,5,21,6,49
1460,2,3,4,23,19,25,20,11,19,13,6,43
1205,4,5,11,28,26,23,11,25,3,19,4,42
2939,6,10,15,21,4,19,19,14,22,9,5,30
786,29,11,6,11,8,15,27,17,18,17,3,34
4451,15,23,7,9,27,19,13,5,15,8,2,38
2650,3,2,21,18,25,11,4,10,3,17,4,32
1161,19,21,11,3,25,8,19,27,8,18,5,28
3611,27,1,11,23,2,15,3,3,29,19,7,48
4335,11,18,13,13,9,17,23,27,11,19,5,49
55,28,2,4,17,15,6,27,19,14,23,3,32
1356,16,3,16,6,1,17,7,15,21,15,5,45
2071,19,3,12,6,25,29,6,13,27,11,5,39
3614,3,4,23,29,3,11,10,5,13,9,4,42
4040,5,12,1,7,4,21,6,6,27,9,3,30
3798,27,17,11,8,12,6,21,14,29,13,6,32
982,1,6,7,25,7,5,11,9,13,27,3,51
949,1,26,23,25,4,15,7,27,16,18,5,32
1054,11,4,27,19,20,30,26,18,7,25,4,26
1292,12,14,5,25,15,10,16,11,17,27,6,39
4141,15,5,11,12,7,21,9,8,9,10,7,33
4578,30,7,29,9,1,15,10,14,23,14,4,27
1425,25,25,29,28,3,14,23,3,19,29,2,39
3866,5,25,23,26,5,7,3,16,15,1,4,39
4949,4,8,14,24,23,20,25,18,27,10,3,21
760,8,1,8,23,7,3,25,17,21,4,5,39
1201,5,23,29,9,21,11,15,3,5,8,6,42
1733,5,13,3,17,7,2,17,13,22,12,2,25
2876,3,1,27,4,16,19,24,6,6,11,4,21
22,19,11,1,25,19,5,28,7,23,8,6,36
1211,16,29,9,7,18,3,21,17,11,29,2,43
528,21,6,30,4,11,8,27,1,19,19,5,39
3091,29,7,27,11,4,13,23,17,11,7,5,46
4178,7,7,13,18,25,23,7,28,1,29,4,39
2646,12,25,7,1,8,11,10,27,13,7,2,37
2188,1,14,14,9,7,21,29,27,4,5,4,42
3464,4,17,5,8,5,14,15,23,1,6,7,35
3764,7,14,24,5,21,22,5,19,15,4,7,35
4886,10,30,14,9,27,9,3,30,17,22,4,30
1679,9,12,29,8,5,15,17,25,4,29,8,41
83,27,19,6,17,17,21,5,9,11,15,2,45
2122,11,15,3,21,19,5,2,14,5,12,6,29
4575,5,21,25,23,5,2,20,14,1,7,5,32
3571,8,3,17,27,1,18,24,13,4,4,8,25
3693,15,3,10,8,1,13,17,13,15,2,4,35
3300,28,6,17,16,10,19,7,7,4,10,2,22
938,15,27,5,17,26,28,5,5,9,9,6,42
3181,15,6,11,15,11,9,1,30,22,19,5,34
1689,13,11,17,9,9,14,23,1,23,9,2,42
104,15,15,11,17,3,7,9,23,27,26,2,38
2982,13,5,6,16,1,17,23,19,9,17,4,44
2011,9,10,25,2,11,11,29,21,21,3,5,46
2550,3,23,14,7,29,14,10,5,24,11,3,27
990,16,10,9,11,22,8,3,19,14,21,5,32
1373,3,16,6,12,11,15,18,4,23,17,2,28
3292,11,21,5,10,15,8,27,29,15,1,4,41
773,2,13,15,21,29,6,3,19,6,21,2,34
3542,15,17,24,28,7,8,6,6,17,1,4,26
3808,11,17,5,17,10,27,30,22,19,7,5,33
1396,28,26,23,19,7,3,4,3,15,6,7,36
3170,11,24,9,17,12,15,6,4,1,19,5,32
2585,30,6,15,29,17,23,7,27,13,20,7,42
2928,22,27,18,6,17,10,6,8,7,9,4,26
4816,9,21,15,24,3,1,11,4,21,14,4,30
3163,20,19,29,11,15,5,2,7,23,7,5,44
4732,27,11,1,4,24,7,26,15,21,19,6,38
2453,1,11,6,19,11,5,9,17,3,24,4,42
722,7,15,1,19,16,10,27,27,19,17,3,39
4365,10,17,3,3,25,10,26,25,2,15,3,29
4326,14,17,18,9,6,15,17,27,25,19,4,43
1861,14,5,6,7,27,9,15,6,23,24,3,30
2376,15,7,17,12,6,29,29,23,13,13,4,42
466,12,13,8,3,10,3,9,8,1,21,4,36
2811,9,14,13,7,13,1,5,3,17,17,6,50
981,5,9,23,1,11,19,15,21,2,11,5,42
3525,12,5,10,23,11,15,11,17,29,13,2,45
4202,15,6,13,29,9,11,4,21,7,30,5,34
2567,1,4,13,27,10,11,25,29,15,11,3,47
4445,13,5,1,17,7,12,15,4,4,6,4,20
1363,11,30,13,27,23,24,4,19,7,15,4,37
4945,14,15,9,1,4,14,5,5,10,15,6,34
3760,29,9,5,3,25,30,5,25,15,19,5,45
3917,11,1,7,2,7,19,21,25,8,11,4,38
3934,14,16,5,4,3,10,24,25,12,9,4,26
3171,9,3,22,30,17,5,12,9,11,21,4,38
2082,7,29,16,17,13,10,5,13,27,9,4,42
4363,26,8,19,27,23,29,7,4,27,17,3,40
4072,9,19,13,5,1,18,25,19,8,4,5,28
884,11,1,5,14,7,7,18,9,13,3,4,40
4817,13,9,18,7,24,27,13,17,29,4,6,36
3463,10,17,1,29,30,21,21,4,21,6,3,28
698,5,21,17,17,11,7,6,10,14,21,3,27
868,11,17,5,25,7,15,23,5,25,5,6,51
4666,19,4,9,28,3,13,12,1,17,21,2,37
1658,19,25,16,18,10,1,11,18,4,13,3,24
3194,21,10,7,19,29,18,22,17,17,3,2,35
4071,17,19,17,6,5,21,1,14,25,15,2,37
3088,17,17,24,5,22,4,19,8,7,17,4,31
3962,25,13,19,4,14,7,1,13,14,8,2,23
2150,14,3,11,7,26,29,15,23,1,7,3,44
3685,23,3,13,25,12,5,23,5,13,1,4,45
1522,29,26,19,18,17,27,4,13,26,19,3,30
1699,5,17,17,7,23,20,21,3,6,3,6,38
2955,9,27,11,27,16,23,11,17,5,20,4,36
2130,30,25,21,18,10,6,17,4,15,6,4,21
2239,7,15,1,7,23,29,13,15,4,19,3,40
1629,19,29,3,29,27,8,7,22,23,15,4,37
3526,28,25,14,8,9,17,13,17,6,11,4,36
559,15,9,3,1,8,13,23,16,17,13,7,41
4317,11,17,13,1,17,29,7,15,11,9,4,49
3251,13,15,3,15,4,21,5,30,3,23,3,37
3652,10,8,8,11,7,21,1,19,15,10,3,36
2516,25,14,1,11,10,9,19,18,29,9,5,38
4069,17,1,5,4,9,7,10,17,23,29,5,41
369,15,1,22,13,15,8,14,16,3,5,3,28
2807,16,27,17,29,29,13,23,20,24,12,4,25
3227,25,28,11,5,11,19,15,2,9,3,5,42
2157,10,23,18,13,23,8,29,3,27,12,2,31
1804,16,14,4,5,9,4,24,8,27,7,4,28
4607,17,11,15,9,7,9,14,2,7,8,5,28
3107,12,14,14,15,9,13,5,27,17,23,5,47
4701,11,5,6,12,2,25,15,19,14,14,6,25
2684,16,23,27,29,12,23,12,5,9,9,3,38
2445,29,8,21,13,5,1,7,15,15,6,3,38
3903,4,23,1,11,13,11,22,8,2,23,4,28
613,29,27,9,14,9,17,13,3,5,15,7,49
3077,6,5,27,30,3,14,17,1,21,10,2,30
2897,15,27,25,14,3,12,6,28,30,27,3,19
4801,16,7,3,12,5,5,7,27,12,10,2,27
2346,23,17,21,7,13,1,12,7,4,19,4,35
2555,19,15,13,23,5,25,4,1,7,3,5,44
3901,27,21,9,29,25,1,25,27,19,18,3,39
2227,21,29,17,15,10,3,19,12,13,29,4,38
1298,11,25,6,5,8,4,23,9,24,7,4,30
1716,1,12,20,29,2,25,14,6,15,7,4,33
4207,10,8,22,4,15,1,6,13,7,8,3,27
4980,17,10,22,13,5,22,14,17,11,16,4,26
2059,17,7,9,26,27,19,10,7,14,18,4,23
4618,9,21,13,21,29,4,13,7,16,7,2,34
699,12,11,14,5,30,7,25,18,13,15,3,35
593,8,29,1,3,27,15,27,9,9,19,5,50
4126,1,5,29,27,4,21,10,8,6,5,7,31
4947,13,24,9,4,27,21,17,21,3,29,4,45
394,5,10,9,3,5,13,17,5,11,15,4,48
2148,13,6,29,3,17,3,16,19,24,15,7,37
806,16,9,23,17,16,25,8,1,13,14,8,34
3103,29,13,21,7,23,24,7,1,11,10,4,35
2265,4,23,23,17,5,1,5,11,27,11,6,51
3451,21,13,15,21,3,23,19,1,5,16,3,39
4543,5,22,27,21,23,4,23,29,11,8,8,38
4462,10,30,19,10,9,5,14,18,16,1,2,22
3814,17,1,30,3,15,7,3,9,22,7,4,39
640,14,24,9,12,8,18,1,10,13,3,3,28
2382,19,8,2,26,1,25,8,5,15,15,3,36
2379,19,21,2,24,14,16,27,9,7,4,4,26
4196,9,3,17,3,5,10,1,7,15,8,6,37
4006,3,3,13,1,13,26,19,25,4,8,5,28
3264,1,19,3,29,8,10,11,25,23,21,5,45
32,9,23,6,17,15,10,10,5,9,28,3,26
3095,17,15,3,25,30,10,5,23,24,16,6,25
2868,3,15,26,9,18,21,17,19,25,23,4,43
1609,8,14,15,19,20,12,3,17,7,1,4,39
682,6,3,20,15,8,5,17,9,13,29,4,43
952,17,5,13,6,7,10,27,16,1,7,6,36
3979,25,11,18,17,21,13,19,15,2,8,4,30
2526,9,15,3,25,29,3,6,21,8,7,5,36
140,19,1,6,25,19,17,13,11,8,18,6,32
3673,11,19,25,26,13,10,7,22,3,25,4,34
537,8,17,29,1,15,3,3,19,25,21,5,50
4835,25,16,3,5,7,7,29,13,15,25,4,48
1532,15,14,24,25,4,5,14,6,10,5,3,20
2726,5,8,24,9,16,25,23,21,13,6,7,36
4967,16,27,13,7,9,25,1,11,18,24,3,31
4825,27,23,9,27,8,29,10,10,17,14,4,23
675,19,2,5,20,29,17,13,6,15,15,5,39
2979,11,6,23,15,23,14,9,29,1,3,2,41
1872,23,1,17,15,7,5,19,7,19,13,6,51
2903,25,8,23,4,19,17,5,3,21,6,4,36
4053,3,29,3,12,6,24,9,21,16,19,3,28
4674,5,21,22,15,15,5,29,27,3,10,3,37
2999,30,13,23,23,6,15,27,27,9,29,5,46
2396,11,8,13,11,29,1,17,17,25,4,4,39
328,5,21,17,30,4,14,29,27,25,1,3,36
2321,6,5,18,24,27,10,12,1,9,25,6,35
3405,16,9,19,9,21,12,23,15,1,23,5,45
1239,16,5,19,3,2,9,23,5,6,24,3,27
1785,7,27,25,17,9,11,12,1,11,4,4,34
3136,3,11,25,9,16,1,15,24,19,8,6,31
444,9,11,5,11,19,19,13,25,14,1,4,41
219,21,11,25,7,17,30,13,27,19,9,6,46
1106,3,4,20,28,8,29,18,9,5,14,4,24
1680,18,27,8,2,1,27,4,20,16,17,6,25
3367,13,29,8,4,7,18,22,25,17,11,2,31
4627,3,5,19,21,25,25,11,19,23,15,5,50
2719,5,25,17,7,13,8,7,16,22,23,3,28
619,14,7,29,18,10,3,27,15,14,13,3,33
3420,14,6,5,10,9,1,12,17,15,17,2,37
1009,23,14,9,30,12,10,5,26,18,6,2,10
4101,3,5,19,16,23,9,27,11,4,16,4,29
4130,6,9,18,2,12,18,1,11,18,4,4,18
3810,15,26,7,9,5,3,7,14,15,9,2,39
591,18,29,25,18,16,1,6,27,3,17,4,36
1324,15,25,11,19,9,27,10,28,12,17,4,28
117,29,1,7,11,6,3,22,4,17,17,6,34
1542,8,29,20,18,10,19,7,19,3,5,5,41
1649,15,4,8,28,13,27,11,12,30,16,2,17
953,15,23,9,17,11,4,21,6,18,3,3,28
361,27,12,18,1,29,12,5,11,17,14,4,32
3762,17,5,29,3,13,4,15,11,10,7,2,34
1299,5,11,13,19,30,4,4,10,16,1,4,19
3029,18,11,12,9,13,19,25,3,5,16,2,36
3778,11,5,3,11,16,7,9,13,15,7,8,49
749,20,3,4,7,16,13,5,23,23,21,2,41
3909,1,3,7,3,7,10,27,23,6,27,5,41
1387,3,16,17,21,13,17,26,22,15,7,4,35
1707,23,18,4,29,7,1,18,21,17,4,3,30
2285,25,15,9,3,8,1,6,23,24,29,5,32
4253,26,5,13,5,8,23,25,29,9,6,7,39
4786,29,5,17,6,25,27,27,6,20,25,4,31
1375,11,14,14,7,13,20,5,9,6,8,5,25
